{"clusters": [{"type": "microservices_group", "label": "0", "id": "0", "nodes": ["0", "4", "18"]}, {"type": "microservices_group", "label": "1", "id": "1", "nodes": ["1", "15"]}, {"type": "microservices_group", "label": "2", "id": "2", "nodes": ["3", "12", "19", "21", "24", "28", "30", "33"]}, {"type": "microservices_group", "label": "3", "id": "3", "nodes": ["2", "6", "7", "9", "10", "16", "17", "26", "29", "32"]}, {"type": "microservices_group", "label": "4", "id": "4", "nodes": ["11", "20", "31"]}, {"type": "microservices_group", "label": "5", "id": "5", "nodes": ["5", "8", "13", "14", "22", "23", "25", "27"]}], "edges": [{"type": "inter_class_connections", "weight": "1", "relationship": [{"label": "icu", "id": "0_4", "properties": {"start": "0", "end": "4"}, "frequency": "1"}, {"label": "icu", "id": "0_29", "properties": {"start": "0", "end": "29"}, "frequency": "1"}, {"label": "icu", "id": "2_4", "properties": {"start": "2", "end": "4"}, "frequency": "1"}, {"label": "icu", "id": "2_32", "properties": {"start": "2", "end": "32"}, "frequency": "1"}, {"label": "icu", "id": "4_18", "properties": {"start": "4", "end": "18"}, "frequency": "1"}, {"label": "icu", "id": "6_0", "properties": {"start": "6", "end": "0"}, "frequency": "1"}, {"label": "icu", "id": "7_0", "properties": {"start": "7", "end": "0"}, "frequency": "1"}, {"label": "icu", "id": "7_6", "properties": {"start": "7", "end": "6"}, "frequency": "1"}, {"label": "icu", "id": "7_9", "properties": {"start": "7", "end": "9"}, "frequency": "1"}, {"label": "icu", "id": "7_16", "properties": {"start": "7", "end": "16"}, "frequency": "1"}, {"label": "icu", "id": "7_21", "properties": {"start": "7", "end": "21"}, "frequency": "1"}, {"label": "icu", "id": "9_0", "properties": {"start": "9", "end": "0"}, "frequency": "1"}, {"label": "icu", "id": "9_4", "properties": {"start": "9", "end": "4"}, "frequency": "1"}, {"label": "icu", "id": "9_8", "properties": {"start": "9", "end": "8"}, "frequency": "1"}, {"label": "icu", "id": "9_13", "properties": {"start": "9", "end": "13"}, "frequency": "1"}, {"label": "icu", "id": "9_28", "properties": {"start": "9", "end": "28"}, "frequency": "1"}, {"label": "icu", "id": "9_29", "properties": {"start": "9", "end": "29"}, "frequency": "1"}, {"label": "icu", "id": "10_4", "properties": {"start": "10", "end": "4"}, "frequency": "1"}, {"label": "icu", "id": "10_8", "properties": {"start": "10", "end": "8"}, "frequency": "1"}, {"label": "icu", "id": "12_0", "properties": {"start": "12", "end": "0"}, "frequency": "1"}, {"label": "icu", "id": "12_4", "properties": {"start": "12", "end": "4"}, "frequency": "1"}, {"label": "icu", "id": "12_29", "properties": {"start": "12", "end": "29"}, "frequency": "1"}, {"label": "icu", "id": "13_4", "properties": {"start": "13", "end": "4"}, "frequency": "1"}, {"label": "icu", "id": "13_8", "properties": {"start": "13", "end": "8"}, "frequency": "1"}, {"label": "icu", "id": "13_28", "properties": {"start": "13", "end": "28"}, "frequency": "1"}, {"label": "icu", "id": "14_4", "properties": {"start": "14", "end": "4"}, "frequency": "1"}, {"label": "icu", "id": "14_13", "properties": {"start": "14", "end": "13"}, "frequency": "1"}, {"label": "icu", "id": "15_1", "properties": {"start": "15", "end": "1"}, "frequency": "1"}, {"label": "icu", "id": "15_4", "properties": {"start": "15", "end": "4"}, "frequency": "1"}, {"label": "icu", "id": "15_8", "properties": {"start": "15", "end": "8"}, "frequency": "1"}, {"label": "icu", "id": "15_13", "properties": {"start": "15", "end": "13"}, "frequency": "1"}, {"label": "icu", "id": "15_27", "properties": {"start": "15", "end": "27"}, "frequency": "1"}, {"label": "icu", "id": "16_0", "properties": {"start": "16", "end": "0"}, "frequency": "1"}, {"label": "icu", "id": "16_4", "properties": {"start": "16", "end": "4"}, "frequency": "1"}, {"label": "icu", "id": "17_0", "properties": {"start": "17", "end": "0"}, "frequency": "1"}, {"label": "icu", "id": "17_4", "properties": {"start": "17", "end": "4"}, "frequency": "1"}, {"label": "icu", "id": "17_6", "properties": {"start": "17", "end": "6"}, "frequency": "1"}, {"label": "icu", "id": "17_8", "properties": {"start": "17", "end": "8"}, "frequency": "1"}, {"label": "icu", "id": "17_9", "properties": {"start": "17", "end": "9"}, "frequency": "1"}, {"label": "icu", "id": "17_10", "properties": {"start": "17", "end": "10"}, "frequency": "1"}, {"label": "icu", "id": "17_13", "properties": {"start": "17", "end": "13"}, "frequency": "1"}, {"label": "icu", "id": "17_19", "properties": {"start": "17", "end": "19"}, "frequency": "1"}, {"label": "icu", "id": "17_31", "properties": {"start": "17", "end": "31"}, "frequency": "1"}, {"label": "icu", "id": "17_32", "properties": {"start": "17", "end": "32"}, "frequency": "1"}, {"label": "icu", "id": "18_4", "properties": {"start": "18", "end": "4"}, "frequency": "1"}, {"label": "icu", "id": "19_0", "properties": {"start": "19", "end": "0"}, "frequency": "1"}, {"label": "icu", "id": "19_4", "properties": {"start": "19", "end": "4"}, "frequency": "1"}, {"label": "icu", "id": "19_29", "properties": {"start": "19", "end": "29"}, "frequency": "1"}, {"label": "icu", "id": "20_0", "properties": {"start": "20", "end": "0"}, "frequency": "1"}, {"label": "icu", "id": "20_4", "properties": {"start": "20", "end": "4"}, "frequency": "1"}, {"label": "icu", "id": "20_6", "properties": {"start": "20", "end": "6"}, "frequency": "1"}, {"label": "icu", "id": "20_10", "properties": {"start": "20", "end": "10"}, "frequency": "1"}, {"label": "icu", "id": "20_11", "properties": {"start": "20", "end": "11"}, "frequency": "1"}, {"label": "icu", "id": "20_12", "properties": {"start": "20", "end": "12"}, "frequency": "1"}, {"label": "icu", "id": "20_17", "properties": {"start": "20", "end": "17"}, "frequency": "1"}, {"label": "icu", "id": "20_19", "properties": {"start": "20", "end": "19"}, "frequency": "1"}, {"label": "icu", "id": "20_29", "properties": {"start": "20", "end": "29"}, "frequency": "1"}, {"label": "icu", "id": "20_31", "properties": {"start": "20", "end": "31"}, "frequency": "1"}, {"label": "icu", "id": "20_32", "properties": {"start": "20", "end": "32"}, "frequency": "1"}, {"label": "icu", "id": "21_0", "properties": {"start": "21", "end": "0"}, "frequency": "1"}, {"label": "icu", "id": "21_29", "properties": {"start": "21", "end": "29"}, "frequency": "1"}, {"label": "icu", "id": "22_0", "properties": {"start": "22", "end": "0"}, "frequency": "1"}, {"label": "icu", "id": "22_4", "properties": {"start": "22", "end": "4"}, "frequency": "1"}, {"label": "icu", "id": "22_5", "properties": {"start": "22", "end": "5"}, "frequency": "1"}, {"label": "icu", "id": "22_7", "properties": {"start": "22", "end": "7"}, "frequency": "1"}, {"label": "icu", "id": "22_8", "properties": {"start": "22", "end": "8"}, "frequency": "1"}, {"label": "icu", "id": "22_9", "properties": {"start": "22", "end": "9"}, "frequency": "1"}, {"label": "icu", "id": "22_10", "properties": {"start": "22", "end": "10"}, "frequency": "1"}, {"label": "icu", "id": "22_13", "properties": {"start": "22", "end": "13"}, "frequency": "1"}, {"label": "icu", "id": "22_14", "properties": {"start": "22", "end": "14"}, "frequency": "1"}, {"label": "icu", "id": "22_15", "properties": {"start": "22", "end": "15"}, "frequency": "1"}, {"label": "icu", "id": "22_27", "properties": {"start": "22", "end": "27"}, "frequency": "1"}, {"label": "icu", "id": "23_4", "properties": {"start": "23", "end": "4"}, "frequency": "1"}, {"label": "icu", "id": "23_8", "properties": {"start": "23", "end": "8"}, "frequency": "1"}, {"label": "icu", "id": "23_15", "properties": {"start": "23", "end": "15"}, "frequency": "1"}, {"label": "icu", "id": "23_27", "properties": {"start": "23", "end": "27"}, "frequency": "1"}, {"label": "icu", "id": "24_4", "properties": {"start": "24", "end": "4"}, "frequency": "1"}, {"label": "icu", "id": "24_28", "properties": {"start": "24", "end": "28"}, "frequency": "1"}, {"label": "icu", "id": "25_4", "properties": {"start": "25", "end": "4"}, "frequency": "1"}, {"label": "icu", "id": "25_6", "properties": {"start": "25", "end": "6"}, "frequency": "1"}, {"label": "icu", "id": "25_8", "properties": {"start": "25", "end": "8"}, "frequency": "1"}, {"label": "icu", "id": "25_10", "properties": {"start": "25", "end": "10"}, "frequency": "1"}, {"label": "icu", "id": "26_4", "properties": {"start": "26", "end": "4"}, "frequency": "1"}, {"label": "icu", "id": "26_6", "properties": {"start": "26", "end": "6"}, "frequency": "1"}, {"label": "icu", "id": "28_0", "properties": {"start": "28", "end": "0"}, "frequency": "1"}, {"label": "icu", "id": "28_4", "properties": {"start": "28", "end": "4"}, "frequency": "1"}, {"label": "icu", "id": "28_13", "properties": {"start": "28", "end": "13"}, "frequency": "1"}, {"label": "icu", "id": "28_24", "properties": {"start": "28", "end": "24"}, "frequency": "1"}, {"label": "icu", "id": "29_0", "properties": {"start": "29", "end": "0"}, "frequency": "1"}, {"label": "icu", "id": "29_4", "properties": {"start": "29", "end": "4"}, "frequency": "1"}, {"label": "icu", "id": "30_0", "properties": {"start": "30", "end": "0"}, "frequency": "1"}, {"label": "icu", "id": "31_4", "properties": {"start": "31", "end": "4"}, "frequency": "1"}, {"label": "icu", "id": "31_11", "properties": {"start": "31", "end": "11"}, "frequency": "1"}, {"label": "icu", "id": "32_0", "properties": {"start": "32", "end": "0"}, "frequency": "1"}, {"label": "icu", "id": "32_4", "properties": {"start": "32", "end": "4"}, "frequency": "1"}, {"label": "icu", "id": "32_6", "properties": {"start": "32", "end": "6"}, "frequency": "1"}, {"label": "icu", "id": "32_8", "properties": {"start": "32", "end": "8"}, "frequency": "1"}, {"label": "icu", "id": "32_9", "properties": {"start": "32", "end": "9"}, "frequency": "1"}, {"label": "icu", "id": "32_10", "properties": {"start": "32", "end": "10"}, "frequency": "1"}, {"label": "icu", "id": "32_13", "properties": {"start": "32", "end": "13"}, "frequency": "1"}, {"label": "icu", "id": "32_19", "properties": {"start": "32", "end": "19"}, "frequency": "1"}, {"label": "icu", "id": "32_31", "properties": {"start": "32", "end": "31"}, "frequency": "1"}, {"label": "icu", "id": "33_3", "properties": {"start": "33", "end": "3"}, "frequency": "1"}]}], "nodes": [{"entity_type": "class", "label": "com.ibm.websphere.samples.pbw.jpa.Inventory", "id": "0"}, {"entity_type": "class", "label": "com.ibm.websphere.samples.pbw.ejb.EMailMessage", "id": "1"}, {"entity_type": "class", "label": "com.ibm.websphere.samples.pbw.war.HelpBean", "id": "2"}, {"entity_type": "class", "label": "pagecode.PageCodeBase", "id": "3"}, {"entity_type": "class", "label": "com.ibm.websphere.samples.pbw.utils.Util", "id": "4"}, {"entity_type": "class", "label": "com.ibm.websphere.samples.pbw.war.LoginInfo", "id": "5"}, {"entity_type": "class", "label": "com.ibm.websphere.samples.pbw.ejb.CatalogMgr", "id": "6"}, {"entity_type": "class", "label": "com.ibm.websphere.samples.pbw.war.ShoppingBean", "id": "7"}, {"entity_type": "class", "label": "com.ibm.websphere.samples.pbw.jpa.Customer", "id": "8"}, {"entity_type": "class", "label": "com.ibm.websphere.samples.pbw.ejb.ShoppingCartBean", "id": "9"}, {"entity_type": "class", "label": "com.ibm.websphere.samples.pbw.ejb.CustomerMgr", "id": "10"}, {"entity_type": "class", "label": "com.ibm.websphere.samples.pbw.jpa.Supplier", "id": "11"}, {"entity_type": "class", "label": "com.ibm.websphere.samples.pbw.war.BackOrderItem", "id": "12"}, {"entity_type": "class", "label": "com.ibm.websphere.samples.pbw.jpa.Order", "id": "13"}, {"entity_type": "class", "label": "com.ibm.websphere.samples.pbw.war.OrderInfo", "id": "14"}, {"entity_type": "class", "label": "com.ibm.websphere.samples.pbw.ejb.MailerBean", "id": "15"}, {"entity_type": "class", "label": "com.ibm.websphere.samples.pbw.war.ProductBean", "id": "16"}, {"entity_type": "class", "label": "com.ibm.websphere.samples.pbw.war.Populate", "id": "17"}, {"entity_type": "class", "label": "com.ibm.websphere.samples.pbw.utils.ListProperties", "id": "18"}, {"entity_type": "class", "label": "com.ibm.websphere.samples.pbw.ejb.BackOrderMgr", "id": "19"}, {"entity_type": "class", "label": "com.ibm.websphere.samples.pbw.war.AdminServlet", "id": "20"}, {"entity_type": "class", "label": "com.ibm.websphere.samples.pbw.war.ShoppingItem", "id": "21"}, {"entity_type": "class", "label": "com.ibm.websphere.samples.pbw.war.AccountBean", "id": "22"}, {"entity_type": "class", "label": "com.ibm.websphere.samples.pbw.war.MailAction", "id": "23"}, {"entity_type": "class", "label": "com.ibm.websphere.samples.pbw.jpa.OrderItem$PK", "id": "24"}, {"entity_type": "class", "label": "com.ibm.websphere.samples.pbw.war.AccountServlet", "id": "25"}, {"entity_type": "class", "label": "com.ibm.websphere.samples.pbw.war.ImageServlet", "id": "26"}, {"entity_type": "class", "label": "com.ibm.websphere.samples.pbw.ejb.MailerAppException", "id": "27"}, {"entity_type": "class", "label": "com.ibm.websphere.samples.pbw.jpa.OrderItem", "id": "28"}, {"entity_type": "class", "label": "com.ibm.websphere.samples.pbw.jpa.BackOrder", "id": "29"}, {"entity_type": "class", "label": "com.ibm.websphere.samples.pbw.ejb.ShoppingCartContent", "id": "30"}, {"entity_type": "class", "label": "com.ibm.websphere.samples.pbw.ejb.SuppliersBean", "id": "31"}, {"entity_type": "class", "label": "com.ibm.websphere.samples.pbw.ejb.ResetDBBean", "id": "32"}, {"entity_type": "class", "label": "pagecode.Help", "id": "33"}]}