{"com.ibm.websphere.samples.pbw.jpa.Inventory":{"name":"com.ibm.websphere.samples.pbw.jpa.Inventory","usedClassesToCount":{"com.ibm.websphere.samples.pbw.utils.Util":1,"com.ibm.websphere.samples.pbw.jpa.BackOrder":1},"usedByClassesToCount":{"com.ibm.websphere.samples.pbw.war.ProductBean":2,"com.ibm.websphere.samples.pbw.war.Populate":1,"com.ibm.websphere.samples.pbw.ejb.CatalogMgr":6,"com.ibm.websphere.samples.pbw.war.ShoppingBean":5,"com.ibm.websphere.samples.pbw.ejb.BackOrderMgr":2,"com.ibm.websphere.samples.pbw.war.AdminServlet":4,"com.ibm.websphere.samples.pbw.war.AccountBean":2,"com.ibm.websphere.samples.pbw.war.ShoppingItem":36,"com.ibm.websphere.samples.pbw.ejb.ShoppingCartBean":31,"com.ibm.websphere.samples.pbw.jpa.OrderItem":1,"com.ibm.websphere.samples.pbw.jpa.BackOrder":1,"com.ibm.websphere.samples.pbw.ejb.ShoppingCartContent":5,"com.ibm.websphere.samples.pbw.war.BackOrderItem":1,"com.ibm.websphere.samples.pbw.ejb.ResetDBBean":1},"type":"both","superClass":"java.lang.Object","implementedInterfaces":["java.lang.Cloneable","java.io.Serializable"]},"com.ibm.websphere.samples.pbw.ejb.EMailMessage":{"name":"com.ibm.websphere.samples.pbw.ejb.EMailMessage","usedClassesToCount":{},"usedByClassesToCount":{"com.ibm.websphere.samples.pbw.ejb.MailerBean":7},"type":"source","superClass":"java.lang.Object","implementedInterfaces":["java.io.Serializable"]},"com.ibm.websphere.samples.pbw.war.HelpBean":{"name":"com.ibm.websphere.samples.pbw.war.HelpBean","usedClassesToCount":{"com.ibm.websphere.samples.pbw.utils.Util":2,"com.ibm.websphere.samples.pbw.ejb.ResetDBBean":1},"usedByClassesToCount":{},"type":"sink","superClass":"java.lang.Object","implementedInterfaces":[]},"pagecode.PageCodeBase":{"name":"pagecode.PageCodeBase","usedClassesToCount":{},"usedByClassesToCount":{"pagecode.Help":1},"type":"source","superClass":"java.lang.Object","implementedInterfaces":[]},"com.ibm.websphere.samples.pbw.utils.Util":{"name":"com.ibm.websphere.samples.pbw.utils.Util","usedClassesToCount":{"com.ibm.websphere.samples.pbw.utils.ListProperties":4},"usedByClassesToCount":{"com.ibm.websphere.samples.pbw.jpa.Inventory":1,"com.ibm.websphere.samples.pbw.war.ProductBean":1,"com.ibm.websphere.samples.pbw.war.Populate":90,"com.ibm.websphere.samples.pbw.war.HelpBean":2,"com.ibm.websphere.samples.pbw.utils.ListProperties":7,"com.ibm.websphere.samples.pbw.ejb.BackOrderMgr":11,"com.ibm.websphere.samples.pbw.war.AdminServlet":29,"com.ibm.websphere.samples.pbw.war.AccountBean":3,"com.ibm.websphere.samples.pbw.war.MailAction":1,"com.ibm.websphere.samples.pbw.ejb.ShoppingCartBean":3,"com.ibm.websphere.samples.pbw.jpa.OrderItem$PK":2,"com.ibm.websphere.samples.pbw.war.AccountServlet":18,"com.ibm.websphere.samples.pbw.war.ImageServlet":1,"com.ibm.websphere.samples.pbw.ejb.CustomerMgr":2,"com.ibm.websphere.samples.pbw.jpa.OrderItem":1,"com.ibm.websphere.samples.pbw.jpa.BackOrder":1,"com.ibm.websphere.samples.pbw.ejb.SuppliersBean":10,"com.ibm.websphere.samples.pbw.war.BackOrderItem":1,"com.ibm.websphere.samples.pbw.jpa.Order":1,"com.ibm.websphere.samples.pbw.ejb.ResetDBBean":90,"com.ibm.websphere.samples.pbw.war.OrderInfo":3,"com.ibm.websphere.samples.pbw.ejb.MailerBean":7},"type":"both","superClass":"java.lang.Object","implementedInterfaces":[]},"com.ibm.websphere.samples.pbw.war.LoginInfo":{"name":"com.ibm.websphere.samples.pbw.war.LoginInfo","usedClassesToCount":{},"usedByClassesToCount":{"com.ibm.websphere.samples.pbw.war.AccountBean":13},"type":"source","superClass":"java.lang.Object","implementedInterfaces":[]},"com.ibm.websphere.samples.pbw.ejb.CatalogMgr":{"name":"com.ibm.websphere.samples.pbw.ejb.CatalogMgr","usedClassesToCount":{"com.ibm.websphere.samples.pbw.jpa.Inventory":6},"usedByClassesToCount":{"com.ibm.websphere.samples.pbw.war.AccountServlet":3,"com.ibm.websphere.samples.pbw.war.ImageServlet":1,"com.ibm.websphere.samples.pbw.war.Populate":2,"com.ibm.websphere.samples.pbw.war.ShoppingBean":2,"com.ibm.websphere.samples.pbw.war.AdminServlet":2,"com.ibm.websphere.samples.pbw.ejb.ResetDBBean":2},"type":"both","superClass":"java.lang.Object","implementedInterfaces":[]},"com.ibm.websphere.samples.pbw.war.ShoppingBean":{"name":"com.ibm.websphere.samples.pbw.war.ShoppingBean","usedClassesToCount":{"com.ibm.websphere.samples.pbw.jpa.Inventory":5,"com.ibm.websphere.samples.pbw.ejb.ShoppingCartBean":5,"com.ibm.websphere.samples.pbw.war.ProductBean":4,"com.ibm.websphere.samples.pbw.ejb.CatalogMgr":2,"com.ibm.websphere.samples.pbw.war.ShoppingItem":1},"usedByClassesToCount":{"com.ibm.websphere.samples.pbw.war.AccountBean":2},"type":"both","superClass":"java.lang.Object","implementedInterfaces":["java.io.Serializable"]},"com.ibm.websphere.samples.pbw.war.ValidatorUtils":{"name":"com.ibm.websphere.samples.pbw.war.ValidatorUtils","usedClassesToCount":{},"usedByClassesToCount":{"com.ibm.websphere.samples.pbw.war.ValidatePasswords":1},"type":"source","superClass":"java.lang.Object","implementedInterfaces":[]},"com.ibm.websphere.samples.pbw.jpa.Customer":{"name":"com.ibm.websphere.samples.pbw.jpa.Customer","usedClassesToCount":{},"usedByClassesToCount":{"com.ibm.websphere.samples.pbw.war.MailAction":1,"com.ibm.websphere.samples.pbw.ejb.ShoppingCartBean":1,"com.ibm.websphere.samples.pbw.war.AccountServlet":3,"com.ibm.websphere.samples.pbw.ejb.CustomerMgr":13,"com.ibm.websphere.samples.pbw.war.Populate":1,"com.ibm.websphere.samples.pbw.jpa.Order":1,"com.ibm.websphere.samples.pbw.ejb.ResetDBBean":1,"com.ibm.websphere.samples.pbw.war.AccountBean":27,"com.ibm.websphere.samples.pbw.ejb.MailerBean":1},"type":"source","superClass":"java.lang.Object","implementedInterfaces":[]},"com.ibm.websphere.samples.pbw.ejb.ShoppingCartBean":{"name":"com.ibm.websphere.samples.pbw.ejb.ShoppingCartBean","usedClassesToCount":{"com.ibm.websphere.samples.pbw.jpa.Inventory":31,"com.ibm.websphere.samples.pbw.jpa.OrderItem":5,"com.ibm.websphere.samples.pbw.jpa.BackOrder":4,"com.ibm.websphere.samples.pbw.utils.Util":3,"com.ibm.websphere.samples.pbw.jpa.Order":1,"com.ibm.websphere.samples.pbw.jpa.Customer":1},"usedByClassesToCount":{"com.ibm.websphere.samples.pbw.war.Populate":1,"com.ibm.websphere.samples.pbw.war.ShoppingBean":5,"com.ibm.websphere.samples.pbw.ejb.ResetDBBean":1,"com.ibm.websphere.samples.pbw.war.AccountBean":5},"type":"both","superClass":"java.lang.Object","implementedInterfaces":[]},"com.ibm.websphere.samples.pbw.ejb.CustomerMgr":{"name":"com.ibm.websphere.samples.pbw.ejb.CustomerMgr","usedClassesToCount":{"com.ibm.websphere.samples.pbw.utils.Util":2,"com.ibm.websphere.samples.pbw.jpa.Customer":13},"usedByClassesToCount":{"com.ibm.websphere.samples.pbw.war.AccountServlet":4,"com.ibm.websphere.samples.pbw.war.Populate":1,"com.ibm.websphere.samples.pbw.war.AdminServlet":1,"com.ibm.websphere.samples.pbw.ejb.ResetDBBean":1,"com.ibm.websphere.samples.pbw.war.AccountBean":4},"type":"both","superClass":"java.lang.Object","implementedInterfaces":[]},"com.ibm.websphere.samples.pbw.jpa.Supplier":{"name":"com.ibm.websphere.samples.pbw.jpa.Supplier","usedClassesToCount":{},"usedByClassesToCount":{"com.ibm.websphere.samples.pbw.ejb.SuppliersBean":11,"com.ibm.websphere.samples.pbw.war.AdminServlet":1},"type":"source","superClass":"java.lang.Object","implementedInterfaces":[]},"com.ibm.websphere.samples.pbw.war.BackOrderItem":{"name":"com.ibm.websphere.samples.pbw.war.BackOrderItem","usedClassesToCount":{"com.ibm.websphere.samples.pbw.jpa.Inventory":1,"com.ibm.websphere.samples.pbw.jpa.BackOrder":1,"com.ibm.websphere.samples.pbw.utils.Util":1},"usedByClassesToCount":{"com.ibm.websphere.samples.pbw.war.AdminServlet":12},"type":"both","superClass":"java.lang.Object","implementedInterfaces":["java.io.Serializable"]},"com.ibm.websphere.samples.pbw.jpa.Order":{"name":"com.ibm.websphere.samples.pbw.jpa.Order","usedClassesToCount":{"com.ibm.websphere.samples.pbw.jpa.OrderItem":1,"com.ibm.websphere.samples.pbw.utils.Util":1,"com.ibm.websphere.samples.pbw.jpa.Customer":1},"usedByClassesToCount":{"com.ibm.websphere.samples.pbw.ejb.ShoppingCartBean":1,"com.ibm.websphere.samples.pbw.war.Populate":1,"com.ibm.websphere.samples.pbw.jpa.OrderItem":2,"com.ibm.websphere.samples.pbw.ejb.ResetDBBean":1,"com.ibm.websphere.samples.pbw.war.AccountBean":1,"com.ibm.websphere.samples.pbw.war.OrderInfo":1,"com.ibm.websphere.samples.pbw.ejb.MailerBean":7},"type":"both","superClass":"java.lang.Object","implementedInterfaces":[]},"com.ibm.websphere.samples.pbw.war.OrderInfo":{"name":"com.ibm.websphere.samples.pbw.war.OrderInfo","usedClassesToCount":{"com.ibm.websphere.samples.pbw.utils.Util":3,"com.ibm.websphere.samples.pbw.jpa.Order":1},"usedByClassesToCount":{"com.ibm.websphere.samples.pbw.war.AccountBean":25},"type":"both","superClass":"java.lang.Object","implementedInterfaces":["java.io.Serializable"]},"com.ibm.websphere.samples.pbw.ejb.MailerBean":{"name":"com.ibm.websphere.samples.pbw.ejb.MailerBean","usedClassesToCount":{"com.ibm.websphere.samples.pbw.ejb.EMailMessage":7,"com.ibm.websphere.samples.pbw.ejb.MailerAppException":1,"com.ibm.websphere.samples.pbw.utils.Util":7,"com.ibm.websphere.samples.pbw.jpa.Order":7,"com.ibm.websphere.samples.pbw.jpa.Customer":1},"usedByClassesToCount":{"com.ibm.websphere.samples.pbw.war.MailAction":1,"com.ibm.websphere.samples.pbw.war.AccountBean":1},"type":"both","superClass":"java.lang.Object","implementedInterfaces":[]},"com.ibm.websphere.samples.pbw.war.ProductBean":{"name":"com.ibm.websphere.samples.pbw.war.ProductBean","usedClassesToCount":{"com.ibm.websphere.samples.pbw.jpa.Inventory":2,"com.ibm.websphere.samples.pbw.utils.Util":1},"usedByClassesToCount":{"com.ibm.websphere.samples.pbw.war.ShoppingBean":4},"type":"both","superClass":"java.lang.Object","implementedInterfaces":["java.io.Serializable"]},"com.ibm.websphere.samples.pbw.war.Populate":{"name":"com.ibm.websphere.samples.pbw.war.Populate","usedClassesToCount":{"com.ibm.websphere.samples.pbw.jpa.Inventory":1,"com.ibm.websphere.samples.pbw.ejb.ShoppingCartBean":1,"com.ibm.websphere.samples.pbw.ejb.CustomerMgr":1,"com.ibm.websphere.samples.pbw.utils.Util":90,"com.ibm.websphere.samples.pbw.ejb.SuppliersBean":1,"com.ibm.websphere.samples.pbw.ejb.CatalogMgr":2,"com.ibm.websphere.samples.pbw.ejb.BackOrderMgr":1,"com.ibm.websphere.samples.pbw.jpa.Order":1,"com.ibm.websphere.samples.pbw.jpa.Customer":1,"com.ibm.websphere.samples.pbw.ejb.ResetDBBean":1},"usedByClassesToCount":{"com.ibm.websphere.samples.pbw.war.AdminServlet":2},"type":"both","superClass":"java.lang.Object","implementedInterfaces":[]},"com.ibm.websphere.samples.pbw.war.ValidatePasswords":{"name":"com.ibm.websphere.samples.pbw.war.ValidatePasswords","usedClassesToCount":{"com.ibm.websphere.samples.pbw.war.ValidatorUtils":1},"usedByClassesToCount":{},"type":"sink","superClass":"java.lang.Object","implementedInterfaces":[]},"com.ibm.websphere.samples.pbw.utils.ListProperties":{"name":"com.ibm.websphere.samples.pbw.utils.ListProperties","usedClassesToCount":{"com.ibm.websphere.samples.pbw.utils.Util":7},"usedByClassesToCount":{"com.ibm.websphere.samples.pbw.utils.Util":4},"type":"both","superClass":"java.util.Properties","implementedInterfaces":[]},"com.ibm.websphere.samples.pbw.ejb.BackOrderMgr":{"name":"com.ibm.websphere.samples.pbw.ejb.BackOrderMgr","usedClassesToCount":{"com.ibm.websphere.samples.pbw.jpa.Inventory":2,"com.ibm.websphere.samples.pbw.utils.Util":11,"com.ibm.websphere.samples.pbw.jpa.BackOrder":16},"usedByClassesToCount":{"com.ibm.websphere.samples.pbw.war.Populate":1,"com.ibm.websphere.samples.pbw.war.AdminServlet":6,"com.ibm.websphere.samples.pbw.ejb.ResetDBBean":1},"type":"both","superClass":"java.lang.Object","implementedInterfaces":[]},"com.ibm.websphere.samples.pbw.war.AdminServlet":{"name":"com.ibm.websphere.samples.pbw.war.AdminServlet","usedClassesToCount":{"com.ibm.websphere.samples.pbw.jpa.Inventory":4,"com.ibm.websphere.samples.pbw.jpa.Supplier":1,"com.ibm.websphere.samples.pbw.war.Populate":2,"com.ibm.websphere.samples.pbw.ejb.CustomerMgr":1,"com.ibm.websphere.samples.pbw.utils.Util":29,"com.ibm.websphere.samples.pbw.jpa.BackOrder":1,"com.ibm.websphere.samples.pbw.ejb.SuppliersBean":2,"com.ibm.websphere.samples.pbw.ejb.CatalogMgr":2,"com.ibm.websphere.samples.pbw.ejb.BackOrderMgr":6,"com.ibm.websphere.samples.pbw.war.BackOrderItem":12,"com.ibm.websphere.samples.pbw.ejb.ResetDBBean":1},"usedByClassesToCount":{},"type":"sink","superClass":"javax.servlet.http.HttpServlet","implementedInterfaces":[]},"com.ibm.websphere.samples.pbw.war.ShoppingItem":{"name":"com.ibm.websphere.samples.pbw.war.ShoppingItem","usedClassesToCount":{"com.ibm.websphere.samples.pbw.jpa.Inventory":36,"com.ibm.websphere.samples.pbw.jpa.BackOrder":1},"usedByClassesToCount":{"com.ibm.websphere.samples.pbw.war.ShoppingBean":1},"type":"both","superClass":"java.lang.Object","implementedInterfaces":["java.lang.Cloneable","java.io.Serializable"]},"com.ibm.websphere.samples.pbw.war.AccountBean":{"name":"com.ibm.websphere.samples.pbw.war.AccountBean","usedClassesToCount":{"com.ibm.websphere.samples.pbw.jpa.Inventory":2,"com.ibm.websphere.samples.pbw.ejb.ShoppingCartBean":5,"com.ibm.websphere.samples.pbw.ejb.CustomerMgr":4,"com.ibm.websphere.samples.pbw.ejb.MailerAppException":2,"com.ibm.websphere.samples.pbw.war.LoginInfo":13,"com.ibm.websphere.samples.pbw.utils.Util":3,"com.ibm.websphere.samples.pbw.war.ShoppingBean":2,"com.ibm.websphere.samples.pbw.jpa.Order":1,"com.ibm.websphere.samples.pbw.war.OrderInfo":25,"com.ibm.websphere.samples.pbw.jpa.Customer":27,"com.ibm.websphere.samples.pbw.ejb.MailerBean":1},"usedByClassesToCount":{},"type":"sink","superClass":"java.lang.Object","implementedInterfaces":["java.io.Serializable"]},"com.ibm.websphere.samples.pbw.war.MailAction":{"name":"com.ibm.websphere.samples.pbw.war.MailAction","usedClassesToCount":{"com.ibm.websphere.samples.pbw.ejb.MailerAppException":1,"com.ibm.websphere.samples.pbw.utils.Util":1,"com.ibm.websphere.samples.pbw.jpa.Customer":1,"com.ibm.websphere.samples.pbw.ejb.MailerBean":1},"usedByClassesToCount":{},"type":"sink","superClass":"java.lang.Object","implementedInterfaces":["java.io.Serializable"]},"com.ibm.websphere.samples.pbw.jpa.OrderItem$PK":{"name":"com.ibm.websphere.samples.pbw.jpa.OrderItem$PK","usedClassesToCount":{"com.ibm.websphere.samples.pbw.jpa.OrderItem":1,"com.ibm.websphere.samples.pbw.utils.Util":2},"usedByClassesToCount":{"com.ibm.websphere.samples.pbw.jpa.OrderItem":1},"type":"both","superClass":"java.lang.Object","implementedInterfaces":["java.io.Serializable"]},"com.ibm.websphere.samples.pbw.war.AccountServlet":{"name":"com.ibm.websphere.samples.pbw.war.AccountServlet","usedClassesToCount":{"com.ibm.websphere.samples.pbw.ejb.CustomerMgr":4,"com.ibm.websphere.samples.pbw.utils.Util":18,"com.ibm.websphere.samples.pbw.ejb.CatalogMgr":3,"com.ibm.websphere.samples.pbw.jpa.Customer":3},"usedByClassesToCount":{},"type":"sink","superClass":"javax.servlet.http.HttpServlet","implementedInterfaces":[]},"com.ibm.websphere.samples.pbw.war.ImageServlet":{"name":"com.ibm.websphere.samples.pbw.war.ImageServlet","usedClassesToCount":{"com.ibm.websphere.samples.pbw.utils.Util":1,"com.ibm.websphere.samples.pbw.ejb.CatalogMgr":1},"usedByClassesToCount":{},"type":"sink","superClass":"javax.servlet.http.HttpServlet","implementedInterfaces":[]},"com.ibm.websphere.samples.pbw.ejb.MailerAppException":{"name":"com.ibm.websphere.samples.pbw.ejb.MailerAppException","usedClassesToCount":{},"usedByClassesToCount":{"com.ibm.websphere.samples.pbw.war.MailAction":1,"com.ibm.websphere.samples.pbw.war.AccountBean":2,"com.ibm.websphere.samples.pbw.ejb.MailerBean":1},"type":"source","superClass":"java.lang.Exception","implementedInterfaces":[]},"com.ibm.websphere.samples.pbw.jpa.OrderItem":{"name":"com.ibm.websphere.samples.pbw.jpa.OrderItem","usedClassesToCount":{"com.ibm.websphere.samples.pbw.jpa.Inventory":1,"com.ibm.websphere.samples.pbw.jpa.OrderItem$PK":1,"com.ibm.websphere.samples.pbw.utils.Util":1,"com.ibm.websphere.samples.pbw.jpa.Order":2},"usedByClassesToCount":{"com.ibm.websphere.samples.pbw.ejb.ShoppingCartBean":5,"com.ibm.websphere.samples.pbw.jpa.OrderItem$PK":1,"com.ibm.websphere.samples.pbw.jpa.Order":1},"type":"both","superClass":"java.lang.Object","implementedInterfaces":[]},"com.ibm.websphere.samples.pbw.jpa.BackOrder":{"name":"com.ibm.websphere.samples.pbw.jpa.BackOrder","usedClassesToCount":{"com.ibm.websphere.samples.pbw.jpa.Inventory":1,"com.ibm.websphere.samples.pbw.utils.Util":1},"usedByClassesToCount":{"com.ibm.websphere.samples.pbw.jpa.Inventory":1,"com.ibm.websphere.samples.pbw.ejb.ShoppingCartBean":4,"com.ibm.websphere.samples.pbw.ejb.BackOrderMgr":16,"com.ibm.websphere.samples.pbw.war.BackOrderItem":1,"com.ibm.websphere.samples.pbw.war.AdminServlet":1,"com.ibm.websphere.samples.pbw.war.ShoppingItem":1},"type":"both","superClass":"java.lang.Object","implementedInterfaces":[]},"com.ibm.websphere.samples.pbw.ejb.ShoppingCartContent":{"name":"com.ibm.websphere.samples.pbw.ejb.ShoppingCartContent","usedClassesToCount":{"com.ibm.websphere.samples.pbw.jpa.Inventory":5},"usedByClassesToCount":{},"type":"sink","superClass":"java.lang.Object","implementedInterfaces":["java.io.Serializable"]},"com.ibm.websphere.samples.pbw.ejb.SuppliersBean":{"name":"com.ibm.websphere.samples.pbw.ejb.SuppliersBean","usedClassesToCount":{"com.ibm.websphere.samples.pbw.jpa.Supplier":11,"com.ibm.websphere.samples.pbw.utils.Util":10},"usedByClassesToCount":{"com.ibm.websphere.samples.pbw.war.Populate":1,"com.ibm.websphere.samples.pbw.war.AdminServlet":2,"com.ibm.websphere.samples.pbw.ejb.ResetDBBean":1},"type":"both","superClass":"java.lang.Object","implementedInterfaces":[]},"com.ibm.websphere.samples.pbw.ejb.ResetDBBean":{"name":"com.ibm.websphere.samples.pbw.ejb.ResetDBBean","usedClassesToCount":{"com.ibm.websphere.samples.pbw.jpa.Inventory":1,"com.ibm.websphere.samples.pbw.ejb.ShoppingCartBean":1,"com.ibm.websphere.samples.pbw.ejb.CustomerMgr":1,"com.ibm.websphere.samples.pbw.utils.Util":90,"com.ibm.websphere.samples.pbw.ejb.CatalogMgr":2,"com.ibm.websphere.samples.pbw.ejb.SuppliersBean":1,"com.ibm.websphere.samples.pbw.ejb.BackOrderMgr":1,"com.ibm.websphere.samples.pbw.jpa.Order":1,"com.ibm.websphere.samples.pbw.jpa.Customer":1},"usedByClassesToCount":{"com.ibm.websphere.samples.pbw.war.Populate":1,"com.ibm.websphere.samples.pbw.war.HelpBean":1,"com.ibm.websphere.samples.pbw.war.AdminServlet":1},"type":"both","superClass":"java.lang.Object","implementedInterfaces":[]},"pagecode.Help":{"name":"pagecode.Help","usedClassesToCount":{"pagecode.PageCodeBase":1},"usedByClassesToCount":{},"type":"sink","superClass":"pagecode.PageCodeBase","implementedInterfaces":[]}}
