{"entryPoints":[{"paths":[{"path":["org.springframework.samples.petclinic.model.NamedEntity.toString","org.springframework.samples.petclinic.model.NamedEntity.getName"]},{"path":["org.springframework.samples.petclinic.model.NamedEntity.toString","org.springframework.samples.petclinic.model.NamedEntity.toString","org.springframework.samples.petclinic.model.NamedEntity.getName"]}],"entryPoint":"{entry:org.springframework.samples.petclinic.model.NamedEntity.toString, type:JavaMethod}"},{"paths":[],"entryPoint":"{entry:org.springframework.samples.petclinic.system.CacheConfiguration.petclinicCacheConfigurationCustomizer, type:JavaMethod}"},{"paths":[],"entryPoint":"{entry:org.springframework.transaction.support.AbstractPlatformTransactionManager, type:JavaClass}"},{"paths":[{"path":["org.springframework.samples.petclinic.owner.PetTypeFormatter.parse","org.springframework.format.Parser.parse"]},{"path":["org.springframework.samples.petclinic.owner.PetTypeFormatter.parse","org.springframework.samples.petclinic.owner.PetRepository.findPetTypes"]},{"path":["org.springframework.samples.petclinic.owner.PetTypeFormatter.parse","org.springframework.samples.petclinic.model.NamedEntity.getName"]},{"path":["org.springframework.samples.petclinic.owner.PetTypeFormatter.parse","org.springframework.samples.petclinic.owner.PetTypeFormatter.parse","org.springframework.format.Parser.parse"]},{"path":["org.springframework.samples.petclinic.owner.PetTypeFormatter.parse","org.springframework.samples.petclinic.owner.PetTypeFormatter.parse","org.springframework.samples.petclinic.owner.PetRepository.findPetTypes"]},{"path":["org.springframework.samples.petclinic.owner.PetTypeFormatter.parse","org.springframework.samples.petclinic.owner.PetTypeFormatter.parse","org.springframework.samples.petclinic.model.NamedEntity.getName"]}],"entryPoint":"{entry:org.springframework.samples.petclinic.owner.PetTypeFormatter.parse, type:JavaMethod}"},{"paths":[],"entryPoint":"{entry:java.util.ArrayList, type:GenericJavaClass}"},{"paths":[],"entryPoint":"{entry:org.springframework.batch.core.explore.support.AbstractJobExplorerFactoryBean, type:JavaClass}"},{"paths":[{"path":["org.springframework.samples.petclinic.owner.PetValidator.validate","org.springframework.samples.petclinic.model.BaseEntity.isNew"]},{"path":["org.springframework.samples.petclinic.owner.PetValidator.validate","org.springframework.samples.petclinic.model.NamedEntity.getName"]},{"path":["org.springframework.samples.petclinic.owner.PetValidator.validate","org.springframework.util.StringUtils.hasLength"]},{"path":["org.springframework.samples.petclinic.owner.PetValidator.validate","org.springframework.validation.Validator.validate"]},{"path":["org.springframework.samples.petclinic.owner.PetValidator.validate","org.springframework.validation.Errors.rejectValue"]},{"path":["org.springframework.samples.petclinic.owner.PetValidator.validate","org.springframework.samples.petclinic.owner.Pet.getType"]},{"path":["org.springframework.samples.petclinic.owner.PetValidator.validate","org.springframework.samples.petclinic.owner.Pet.getBirthDate"]},{"path":["org.springframework.samples.petclinic.owner.PetValidator.validate","org.springframework.samples.petclinic.owner.PetValidator.validate","org.springframework.samples.petclinic.model.BaseEntity.isNew"]},{"path":["org.springframework.samples.petclinic.owner.PetValidator.validate","org.springframework.samples.petclinic.owner.PetValidator.validate","org.springframework.samples.petclinic.model.NamedEntity.getName"]},{"path":["org.springframework.samples.petclinic.owner.PetValidator.validate","org.springframework.samples.petclinic.owner.PetValidator.validate","org.springframework.util.StringUtils.hasLength"]},{"path":["org.springframework.samples.petclinic.owner.PetValidator.validate","org.springframework.samples.petclinic.owner.PetValidator.validate","org.springframework.validation.Validator.validate"]},{"path":["org.springframework.samples.petclinic.owner.PetValidator.validate","org.springframework.samples.petclinic.owner.PetValidator.validate","org.springframework.validation.Errors.rejectValue"]},{"path":["org.springframework.samples.petclinic.owner.PetValidator.validate","org.springframework.samples.petclinic.owner.PetValidator.validate","org.springframework.samples.petclinic.owner.Pet.getType"]},{"path":["org.springframework.samples.petclinic.owner.PetValidator.validate","org.springframework.samples.petclinic.owner.PetValidator.validate","org.springframework.samples.petclinic.owner.Pet.getBirthDate"]}],"entryPoint":"{entry:org.springframework.samples.petclinic.owner.PetValidator.validate, type:JavaMethod}"},{"paths":[{"path":["org.springframework.samples.petclinic.owner.Owner.toString","org.springframework.samples.petclinic.model.BaseEntity.getId"]},{"path":["org.springframework.samples.petclinic.owner.Owner.toString","org.springframework.core.style.ToStringCreator.toString"]},{"path":["org.springframework.samples.petclinic.owner.Owner.toString","org.springframework.samples.petclinic.model.BaseEntity.isNew"]},{"path":["org.springframework.samples.petclinic.owner.Owner.toString","org.springframework.samples.petclinic.model.Person.getFirstName"]},{"path":["org.springframework.samples.petclinic.owner.Owner.toString","org.springframework.samples.petclinic.model.Person.getLastName"]},{"path":["org.springframework.samples.petclinic.owner.Owner.toString","org.springframework.core.style.ToStringCreator.append"]},{"path":["org.springframework.samples.petclinic.owner.Owner.toString","org.springframework.samples.petclinic.owner.Owner.toString","org.springframework.samples.petclinic.model.BaseEntity.getId"]},{"path":["org.springframework.samples.petclinic.owner.Owner.toString","org.springframework.samples.petclinic.owner.Owner.toString","org.springframework.core.style.ToStringCreator.toString"]},{"path":["org.springframework.samples.petclinic.owner.Owner.toString","org.springframework.samples.petclinic.owner.Owner.toString","org.springframework.samples.petclinic.model.BaseEntity.isNew"]},{"path":["org.springframework.samples.petclinic.owner.Owner.toString","org.springframework.samples.petclinic.owner.Owner.toString","org.springframework.samples.petclinic.model.Person.getFirstName"]},{"path":["org.springframework.samples.petclinic.owner.Owner.toString","org.springframework.samples.petclinic.owner.Owner.toString","org.springframework.samples.petclinic.model.Person.getLastName"]},{"path":["org.springframework.samples.petclinic.owner.Owner.toString","org.springframework.samples.petclinic.owner.Owner.toString","org.springframework.core.style.ToStringCreator.append"]}],"entryPoint":"{entry:org.springframework.samples.petclinic.owner.Owner.toString, type:JavaMethod}"},{"paths":[],"entryPoint":"{entry:org.springframework.boot.SpringApplication, type:JavaClass}"},{"paths":[{"path":["org.springframework.samples.petclinic.visit.Visit.setDescription","org.springframework.samples.petclinic.visit.Visit.setDescription"]}],"entryPoint":"{entry:org.springframework.samples.petclinic.visit.Visit.setDescription, type:JavaMethod}"},{"paths":[{"path":["org.springframework.samples.petclinic.owner.PetController.findOwner","org.springframework.samples.petclinic.owner.OwnerRepository.findById"]},{"path":["org.springframework.samples.petclinic.owner.PetController.findOwner","org.springframework.samples.petclinic.owner.PetController.findOwner","org.springframework.samples.petclinic.owner.OwnerRepository.findById"]}],"entryPoint":"{entry:org.springframework.samples.petclinic.owner.PetController.findOwner, type:JavaMethod}"},{"paths":[{"path":["org.springframework.samples.petclinic.vet.Vet.setSpecialtiesInternal","org.springframework.samples.petclinic.vet.Vet.setSpecialtiesInternal"]}],"entryPoint":"{entry:org.springframework.samples.petclinic.vet.Vet.setSpecialtiesInternal, type:JavaMethod}"},{"paths":[],"entryPoint":"{entry:java.lang.invoke.TypeDescriptor.OfField, type:GenericJavaInterface}"},{"paths":[{"path":["org.springframework.samples.petclinic.owner.Pet.setBirthDate","org.springframework.samples.petclinic.owner.Pet.setBirthDate"]}],"entryPoint":"{entry:org.springframework.samples.petclinic.owner.Pet.setBirthDate, type:JavaMethod}"},{"paths":[{"path":["org.springframework.samples.petclinic.owner.PetController.populatePetTypes","org.springframework.samples.petclinic.owner.PetRepository.findPetTypes"]},{"path":["org.springframework.samples.petclinic.owner.PetController.populatePetTypes","org.springframework.samples.petclinic.owner.PetController.populatePetTypes","org.springframework.samples.petclinic.owner.PetRepository.findPetTypes"]}],"entryPoint":"{entry:org.springframework.samples.petclinic.owner.PetController.populatePetTypes, type:JavaMethod}"},{"paths":[{"path":["org.springframework.samples.petclinic.vet.Vet.getSpecialties","org.springframework.beans.support.PropertyComparator.sort"]},{"path":["org.springframework.samples.petclinic.vet.Vet.getSpecialties","org.springframework.samples.petclinic.vet.Vet.getSpecialtiesInternal"]},{"path":["org.springframework.samples.petclinic.vet.Vet.getSpecialties","org.springframework.samples.petclinic.vet.Vet.getSpecialties","org.springframework.beans.support.PropertyComparator.sort"]},{"path":["org.springframework.samples.petclinic.vet.Vet.getSpecialties","org.springframework.samples.petclinic.vet.Vet.getSpecialties","org.springframework.samples.petclinic.vet.Vet.getSpecialtiesInternal"]}],"entryPoint":"{entry:org.springframework.samples.petclinic.vet.Vet.getSpecialties, type:JavaMethod}"},{"paths":[{"path":["org.springframework.samples.petclinic.owner.Owner.getAddress","org.springframework.samples.petclinic.owner.Owner.getAddress"]}],"entryPoint":"{entry:org.springframework.samples.petclinic.owner.Owner.getAddress, type:JavaMethod}"},{"paths":[{"path":["org.springframework.samples.petclinic.owner.Owner.getCity","org.springframework.samples.petclinic.owner.Owner.getCity"]}],"entryPoint":"{entry:org.springframework.samples.petclinic.owner.Owner.getCity, type:JavaMethod}"},{"paths":[{"path":["org.springframework.samples.petclinic.owner.PetController.initOwnerBinder","org.springframework.validation.DataBinder.setDisallowedFields"]},{"path":["org.springframework.samples.petclinic.owner.PetController.initOwnerBinder","org.springframework.samples.petclinic.owner.PetController.initOwnerBinder","org.springframework.validation.DataBinder.setDisallowedFields"]}],"entryPoint":"{entry:org.springframework.samples.petclinic.owner.PetController.initOwnerBinder, type:JavaMethod}"},{"paths":[],"entryPoint":"{entry:org.springframework.format.Formatter, type:GenericJavaInterface}"},{"paths":[{"path":["org.springframework.samples.petclinic.owner.PetValidator.supports","org.springframework.validation.Validator.supports"]},{"path":["org.springframework.samples.petclinic.owner.PetValidator.supports","org.springframework.samples.petclinic.owner.PetValidator.supports","org.springframework.validation.Validator.supports"]}],"entryPoint":"{entry:org.springframework.samples.petclinic.owner.PetValidator.supports, type:JavaMethod}"},{"paths":[{"path":["org.springframework.samples.petclinic.vet.VetController.VetController","org.springframework.samples.petclinic.vet.VetController.VetController"]}],"entryPoint":"{entry:org.springframework.samples.petclinic.vet.VetController.VetController, type:JavaConstructor}"},{"paths":[{"path":["org.springframework.samples.petclinic.owner.VisitController.VisitController","org.springframework.samples.petclinic.owner.VisitController.VisitController"]}],"entryPoint":"{entry:org.springframework.samples.petclinic.owner.VisitController.VisitController, type:JavaConstructor}"},{"paths":[{"path":["org.springframework.samples.petclinic.owner.PetTypeFormatter.print","org.springframework.format.Printer.print"]},{"path":["org.springframework.samples.petclinic.owner.PetTypeFormatter.print","org.springframework.samples.petclinic.model.NamedEntity.getName"]},{"path":["org.springframework.samples.petclinic.owner.PetTypeFormatter.print","org.springframework.samples.petclinic.owner.PetTypeFormatter.print","org.springframework.format.Printer.print"]},{"path":["org.springframework.samples.petclinic.owner.PetTypeFormatter.print","org.springframework.samples.petclinic.owner.PetTypeFormatter.print","org.springframework.samples.petclinic.model.NamedEntity.getName"]}],"entryPoint":"{entry:org.springframework.samples.petclinic.owner.PetTypeFormatter.print, type:JavaMethod}"},{"paths":[{"path":["org.springframework.samples.petclinic.vet.Vet.addSpecialty","org.springframework.samples.petclinic.vet.Vet.getSpecialtiesInternal"]},{"path":["org.springframework.samples.petclinic.vet.Vet.addSpecialty","org.springframework.samples.petclinic.vet.Vet.addSpecialty","org.springframework.samples.petclinic.vet.Vet.getSpecialtiesInternal"]}],"entryPoint":"{entry:org.springframework.samples.petclinic.vet.Vet.addSpecialty, type:JavaMethod}"},{"paths":[{"path":["org.springframework.samples.petclinic.vet.Vet.getNrOfSpecialties","org.springframework.samples.petclinic.vet.Vet.getSpecialtiesInternal"]},{"path":["org.springframework.samples.petclinic.vet.Vet.getNrOfSpecialties","org.springframework.samples.petclinic.vet.Vet.getNrOfSpecialties","org.springframework.samples.petclinic.vet.Vet.getSpecialtiesInternal"]}],"entryPoint":"{entry:org.springframework.samples.petclinic.vet.Vet.getNrOfSpecialties, type:JavaMethod}"},{"paths":[{"path":["org.springframework.samples.petclinic.owner.Pet.setType","org.springframework.samples.petclinic.owner.Pet.setType"]}],"entryPoint":"{entry:org.springframework.samples.petclinic.owner.Pet.setType, type:JavaMethod}"},{"paths":[],"entryPoint":"{entry:org.springframework.util.StringUtils, type:JavaClass}"},{"paths":[],"entryPoint":"{entry:org.springframework.samples.petclinic.system.CacheConfiguration.petclinicCacheConfigurationCustomizer.petclinicCacheConfigurationCustomizer$lambda$0, type:JavaLambdaExpression}"},{"paths":[{"path":["org.springframework.samples.petclinic.owner.OwnerController.setAllowedFields","org.springframework.validation.DataBinder.setDisallowedFields"]},{"path":["org.springframework.samples.petclinic.owner.OwnerController.setAllowedFields","org.springframework.samples.petclinic.owner.OwnerController.setAllowedFields","org.springframework.validation.DataBinder.setDisallowedFields"]}],"entryPoint":"{entry:org.springframework.samples.petclinic.owner.OwnerController.setAllowedFields, type:JavaMethod}"},{"paths":[],"entryPoint":"{entry:org.springframework.transaction.support.ResourceTransactionManager, type:JavaInterface}"},{"paths":[{"path":["org.springframework.samples.petclinic.model.NamedEntity.setName","org.springframework.samples.petclinic.model.NamedEntity.setName"]}],"entryPoint":"{entry:org.springframework.samples.petclinic.model.NamedEntity.setName, type:JavaMethod}"},{"paths":[],"entryPoint":"{entry:org.springframework.context.support.GenericApplicationContext, type:JavaClass}"},{"paths":[{"path":["org.springframework.samples.petclinic.owner.PetTypeFormatter.PetTypeFormatter","org.springframework.samples.petclinic.owner.PetTypeFormatter.PetTypeFormatter"]}],"entryPoint":"{entry:org.springframework.samples.petclinic.owner.PetTypeFormatter.PetTypeFormatter, type:JavaConstructor}"},{"paths":[{"path":["org.springframework.samples.petclinic.PetClinicApplication.main","org.springframework.boot.SpringApplication.run"]},{"path":["org.springframework.samples.petclinic.PetClinicApplication.main","org.springframework.samples.petclinic.PetClinicApplication.main","org.springframework.boot.SpringApplication.run"]}],"entryPoint":"{entry:org.springframework.samples.petclinic.PetClinicApplication.main, type:JavaMethod}"},{"paths":[{"path":["org.springframework.samples.petclinic.owner.PetController.initPetBinder","org.springframework.validation.DataBinder.setValidator"]},{"path":["org.springframework.samples.petclinic.owner.PetController.initPetBinder","org.springframework.samples.petclinic.owner.PetController.initPetBinder","org.springframework.validation.DataBinder.setValidator"]}],"entryPoint":"{entry:org.springframework.samples.petclinic.owner.PetController.initPetBinder, type:JavaMethod}"},{"paths":[{"path":["org.springframework.samples.petclinic.visit.Visit.getPetId","org.springframework.samples.petclinic.visit.Visit.getPetId"]}],"entryPoint":"{entry:org.springframework.samples.petclinic.visit.Visit.getPetId, type:JavaMethod}"},{"paths":[{"path":["org.springframework.samples.petclinic.owner.Owner.setAddress","org.springframework.samples.petclinic.owner.Owner.setAddress"]}],"entryPoint":"{entry:org.springframework.samples.petclinic.owner.Owner.setAddress, type:JavaMethod}"},{"paths":[],"entryPoint":"{entry:java.util.LinkedHashSet, type:GenericJavaClass}"},{"paths":[],"entryPoint":"{entry:java.util.LinkedHashMap, type:GenericJavaClass}"},{"paths":[],"entryPoint":"{entry:javax.cache.CacheManager.createCache, type:GenericJavaMethod}"},{"paths":[{"path":["org.springframework.samples.petclinic.visit.Visit.getDate","org.springframework.samples.petclinic.visit.Visit.getDate"]}],"entryPoint":"{entry:org.springframework.samples.petclinic.visit.Visit.getDate, type:JavaMethod}"},{"paths":[{"path":["org.springframework.samples.petclinic.owner.Pet.getVisits","org.springframework.beans.support.PropertyComparator.sort"]},{"path":["org.springframework.samples.petclinic.owner.Pet.getVisits","org.springframework.samples.petclinic.owner.Pet.getVisitsInternal"]},{"path":["org.springframework.samples.petclinic.owner.Pet.getVisits","org.springframework.samples.petclinic.owner.Pet.getVisits","org.springframework.beans.support.PropertyComparator.sort"]},{"path":["org.springframework.samples.petclinic.owner.Pet.getVisits","org.springframework.samples.petclinic.owner.Pet.getVisits","org.springframework.samples.petclinic.owner.Pet.getVisitsInternal"]}],"entryPoint":"{entry:org.springframework.samples.petclinic.owner.Pet.getVisits, type:JavaMethod}"},{"paths":[{"path":["org.springframework.samples.petclinic.owner.VisitController.setAllowedFields","org.springframework.validation.DataBinder.setDisallowedFields"]},{"path":["org.springframework.samples.petclinic.owner.VisitController.setAllowedFields","org.springframework.samples.petclinic.owner.VisitController.setAllowedFields","org.springframework.validation.DataBinder.setDisallowedFields"]}],"entryPoint":"{entry:org.springframework.samples.petclinic.owner.VisitController.setAllowedFields, type:JavaMethod}"},{"paths":[{"path":["org.springframework.samples.petclinic.owner.PetController.PetController","org.springframework.samples.petclinic.owner.PetController.PetController"]}],"entryPoint":"{entry:org.springframework.samples.petclinic.owner.PetController.PetController, type:JavaConstructor}"},{"paths":[],"entryPoint":"{entry:org.springframework.samples.petclinic.system.CacheConfiguration, type:JavaClass}"},{"paths":[],"entryPoint":"{entry:org.springframework.beans.factory.config.PlaceholderConfigurerSupport, type:JavaClass}"},{"paths":[{"path":["org.springframework.samples.petclinic.owner.VisitController.loadPetWithVisit","org.springframework.samples.petclinic.visit.VisitRepository.findByPetId"]},{"path":["org.springframework.samples.petclinic.owner.VisitController.loadPetWithVisit","org.springframework.samples.petclinic.owner.PetRepository.findById"]},{"path":["org.springframework.samples.petclinic.owner.VisitController.loadPetWithVisit","org.springframework.samples.petclinic.owner.Pet.setVisitsInternal"]},{"path":["org.springframework.samples.petclinic.owner.VisitController.loadPetWithVisit","org.springframework.samples.petclinic.owner.Pet.addVisit","org.springframework.samples.petclinic.owner.Pet.getVisitsInternal"]},{"path":["org.springframework.samples.petclinic.owner.VisitController.loadPetWithVisit","org.springframework.samples.petclinic.owner.Pet.addVisit","org.springframework.samples.petclinic.model.BaseEntity.getId"]},{"path":["org.springframework.samples.petclinic.owner.VisitController.loadPetWithVisit","org.springframework.samples.petclinic.owner.Pet.addVisit","org.springframework.samples.petclinic.visit.Visit.setPetId"]},{"path":["org.springframework.samples.petclinic.owner.VisitController.loadPetWithVisit","org.springframework.samples.petclinic.owner.VisitController.loadPetWithVisit","org.springframework.samples.petclinic.visit.VisitRepository.findByPetId"]},{"path":["org.springframework.samples.petclinic.owner.VisitController.loadPetWithVisit","org.springframework.samples.petclinic.owner.VisitController.loadPetWithVisit","org.springframework.samples.petclinic.owner.PetRepository.findById"]},{"path":["org.springframework.samples.petclinic.owner.VisitController.loadPetWithVisit","org.springframework.samples.petclinic.owner.VisitController.loadPetWithVisit","org.springframework.samples.petclinic.owner.Pet.setVisitsInternal"]},{"path":["org.springframework.samples.petclinic.owner.VisitController.loadPetWithVisit","org.springframework.samples.petclinic.owner.VisitController.loadPetWithVisit","org.springframework.samples.petclinic.owner.Pet.addVisit","org.springframework.samples.petclinic.owner.Pet.getVisitsInternal"]},{"path":["org.springframework.samples.petclinic.owner.VisitController.loadPetWithVisit","org.springframework.samples.petclinic.owner.VisitController.loadPetWithVisit","org.springframework.samples.petclinic.owner.Pet.addVisit","org.springframework.samples.petclinic.model.BaseEntity.getId"]},{"path":["org.springframework.samples.petclinic.owner.VisitController.loadPetWithVisit","org.springframework.samples.petclinic.owner.VisitController.loadPetWithVisit","org.springframework.samples.petclinic.owner.Pet.addVisit","org.springframework.samples.petclinic.visit.Visit.setPetId"]}],"entryPoint":"{entry:org.springframework.samples.petclinic.owner.VisitController.loadPetWithVisit, type:JavaMethod}"},{"paths":[{"path":["org.springframework.samples.petclinic.visit.Visit.getDescription","org.springframework.samples.petclinic.visit.Visit.getDescription"]}],"entryPoint":"{entry:org.springframework.samples.petclinic.visit.Visit.getDescription, type:JavaMethod}"},{"paths":[],"entryPoint":"{entry:javax.cache.configuration.MutableConfiguration, type:GenericJavaClass}"},{"paths":[{"path":["org.springframework.samples.petclinic.owner.OwnerController.OwnerController","org.springframework.samples.petclinic.owner.OwnerController.OwnerController"]}],"entryPoint":"{entry:org.springframework.samples.petclinic.owner.OwnerController.OwnerController, type:JavaConstructor}"},{"paths":[{"path":["org.springframework.samples.petclinic.owner.Pet.getOwner","org.springframework.samples.petclinic.owner.Pet.getOwner"]}],"entryPoint":"{entry:org.springframework.samples.petclinic.owner.Pet.getOwner, type:JavaMethod}"},{"paths":[],"entryPoint":"{entry:org.springframework.beans.support.PropertyComparator, type:GenericJavaClass}"},{"paths":[{"path":["org.springframework.samples.petclinic.owner.Owner.getPet","org.springframework.samples.petclinic.owner.Owner.getPetsInternal"]},{"path":["org.springframework.samples.petclinic.owner.Owner.getPet","org.springframework.samples.petclinic.model.NamedEntity.getName"]},{"path":["org.springframework.samples.petclinic.owner.Owner.getPet","org.springframework.samples.petclinic.model.BaseEntity.isNew"]},{"path":["org.springframework.samples.petclinic.owner.Owner.getPet","org.springframework.samples.petclinic.owner.Owner.getPet","org.springframework.samples.petclinic.owner.Owner.getPetsInternal"]},{"path":["org.springframework.samples.petclinic.owner.Owner.getPet","org.springframework.samples.petclinic.owner.Owner.getPet","org.springframework.samples.petclinic.model.NamedEntity.getName"]},{"path":["org.springframework.samples.petclinic.owner.Owner.getPet","org.springframework.samples.petclinic.owner.Owner.getPet","org.springframework.samples.petclinic.model.BaseEntity.isNew"]}],"entryPoint":"{entry:org.springframework.samples.petclinic.owner.Owner.getPet, type:JavaMethod}"},{"paths":[],"entryPoint":"{entry:org.springframework.batch.core.configuration.JobRegistry, type:JavaInterface}"},{"paths":[],"entryPoint":"{entry:java.lang.Class, type:GenericJavaClass}"},{"paths":[{"path":["org.springframework.samples.petclinic.owner.Owner.setCity","org.springframework.samples.petclinic.owner.Owner.setCity"]}],"entryPoint":"{entry:org.springframework.samples.petclinic.owner.Owner.setCity, type:JavaMethod}"},{"paths":[{"path":["org.springframework.samples.petclinic.model.Person.setFirstName","org.springframework.samples.petclinic.model.Person.setFirstName"]}],"entryPoint":"{entry:org.springframework.samples.petclinic.model.Person.setFirstName, type:JavaMethod}"},{"paths":[{"path":["org.springframework.samples.petclinic.owner.Owner.setTelephone","org.springframework.samples.petclinic.owner.Owner.setTelephone"]}],"entryPoint":"{entry:org.springframework.samples.petclinic.owner.Owner.setTelephone, type:JavaMethod}"},{"paths":[{"path":["org.springframework.samples.petclinic.owner.Owner.getTelephone","org.springframework.samples.petclinic.owner.Owner.getTelephone"]}],"entryPoint":"{entry:org.springframework.samples.petclinic.owner.Owner.getTelephone, type:JavaMethod}"},{"paths":[{"path":["org.springframework.samples.petclinic.visit.Visit.setDate","org.springframework.samples.petclinic.visit.Visit.setDate"]}],"entryPoint":"{entry:org.springframework.samples.petclinic.visit.Visit.setDate, type:JavaMethod}"},{"paths":[{"path":["org.springframework.samples.petclinic.owner.Owner.setPetsInternal","org.springframework.samples.petclinic.owner.Owner.setPetsInternal"]}],"entryPoint":"{entry:org.springframework.samples.petclinic.owner.Owner.setPetsInternal, type:JavaMethod}"}],"nodes":[{"id":"org.springframework.validation.Errors.rejectValue"},{"id":"org.springframework.validation.Validator.validate"},{"id":"org.springframework.samples.petclinic.owner.Pet.getType"},{"id":"org.springframework.samples.petclinic.owner.Pet.setBirthDate"},{"id":"org.springframework.samples.petclinic.owner.PetTypeFormatter.PetTypeFormatter"},{"id":"org.springframework.samples.petclinic.owner.PetController.initOwnerBinder"},{"id":"org.springframework.validation.DataBinder.setValidator"},{"id":"org.springframework.samples.petclinic.owner.PetController.populatePetTypes"},{"id":"org.springframework.samples.petclinic.vet.Vet.setSpecialtiesInternal"},{"id":"org.springframework.samples.petclinic.owner.Pet.getVisitsInternal"},{"id":"org.springframework.samples.petclinic.owner.PetController.initPetBinder"},{"id":"org.springframework.samples.petclinic.model.BaseEntity.getId"},{"id":"org.springframework.samples.petclinic.vet.Vet.getSpecialtiesInternal"},{"id":"org.springframework.samples.petclinic.owner.PetRepository.findById"},{"id":"org.springframework.samples.petclinic.model.NamedEntity.setName"},{"id":"org.springframework.samples.petclinic.visit.Visit.setPetId"},{"id":"org.springframework.samples.petclinic.owner.VisitController.setAllowedFields"},{"id":"org.springframework.samples.petclinic.owner.PetValidator.validate"},{"id":"org.springframework.samples.petclinic.owner.Owner.getCity"},{"id":"org.springframework.samples.petclinic.owner.Owner.getTelephone"},{"id":"org.springframework.samples.petclinic.model.NamedEntity.getName"},{"id":"org.springframework.samples.petclinic.owner.Pet.getBirthDate"},{"id":"org.springframework.samples.petclinic.owner.Pet.getVisits"},{"id":"org.springframework.samples.petclinic.owner.PetValidator.supports"},{"id":"org.springframework.samples.petclinic.vet.Vet.getNrOfSpecialties"},{"id":"org.springframework.core.style.ToStringCreator.append"},{"id":"org.springframework.samples.petclinic.model.Person.getLastName"},{"id":"org.springframework.samples.petclinic.model.NamedEntity.toString"},{"id":"org.springframework.samples.petclinic.owner.Owner.getPet"},{"id":"org.springframework.samples.petclinic.owner.PetController.PetController"},{"id":"org.springframework.samples.petclinic.visit.Visit.getDate"},{"id":"org.springframework.samples.petclinic.visit.Visit.getPetId"},{"id":"org.springframework.samples.petclinic.owner.PetController.findOwner"},{"id":"org.springframework.samples.petclinic.PetClinicApplication.main"},{"id":"org.springframework.core.style.ToStringCreator.toString"},{"id":"org.springframework.samples.petclinic.model.BaseEntity.isNew"},{"id":"org.springframework.samples.petclinic.model.Person.setFirstName"},{"id":"org.springframework.samples.petclinic.visit.Visit.getDescription"},{"id":"org.springframework.samples.petclinic.owner.Pet.addVisit"},{"id":"org.springframework.samples.petclinic.owner.PetTypeFormatter.parse"},{"id":"org.springframework.samples.petclinic.owner.Owner.toString"},{"id":"org.springframework.beans.support.PropertyComparator.sort"},{"id":"org.springframework.samples.petclinic.visit.VisitRepository.findByPetId"},{"id":"org.springframework.samples.petclinic.owner.PetRepository.findPetTypes"},{"id":"org.springframework.samples.petclinic.owner.Owner.setTelephone"},{"id":"org.springframework.samples.petclinic.owner.Owner.getPetsInternal"},{"id":"org.springframework.format.Printer.print"},{"id":"org.springframework.boot.SpringApplication.run"},{"id":"org.springframework.samples.petclinic.owner.Owner.setCity"},{"id":"org.springframework.samples.petclinic.owner.Owner.setAddress"},{"id":"org.springframework.validation.DataBinder.setDisallowedFields"},{"id":"org.springframework.samples.petclinic.owner.Owner.setPetsInternal"},{"id":"org.springframework.samples.petclinic.vet.VetController.VetController"},{"id":"org.springframework.samples.petclinic.owner.VisitController.VisitController"},{"id":"org.springframework.samples.petclinic.visit.Visit.setDescription"},{"id":"org.springframework.util.StringUtils.hasLength"},{"id":"org.springframework.format.Parser.parse"},{"id":"org.springframework.samples.petclinic.visit.Visit.setDate"},{"id":"org.springframework.samples.petclinic.owner.Pet.setVisitsInternal"},{"id":"org.springframework.samples.petclinic.owner.PetTypeFormatter.print"},{"id":"org.springframework.samples.petclinic.vet.Vet.getSpecialties"},{"id":"org.springframework.samples.petclinic.model.Person.getFirstName"},{"id":"org.springframework.samples.petclinic.owner.VisitController.loadPetWithVisit"},{"id":"org.springframework.samples.petclinic.owner.Pet.getOwner"},{"id":"org.springframework.samples.petclinic.owner.Owner.getAddress"},{"id":"org.springframework.samples.petclinic.owner.OwnerController.setAllowedFields"},{"id":"org.springframework.samples.petclinic.owner.OwnerRepository.findById"},{"id":"org.springframework.samples.petclinic.owner.OwnerController.OwnerController"},{"id":"org.springframework.validation.Validator.supports"},{"id":"org.springframework.samples.petclinic.vet.Vet.addSpecialty"},{"id":"org.springframework.samples.petclinic.owner.Pet.setType"}]}
