{"all":{"PetTypeFormatter3":{"cluster":"PetController_service","classname":"PetTypeFormatter","subgraphs":{"Subgraph1":{"relocate_to":{"cluster":"","class":"PetTypeFormatterTests"},"methods":["print(PetType, Locale)","parse(String, Locale)"],"written_variables":{"pets_PetTypeFormatter":{"field":"pets","class":"PetTypeFormatter"}},"Subgraph":{"method_call_details_1":{"method_1":"print(PetType, Locale)","calls_1":{"NamedEntity_getName()":{"method":"getName()","class":"NamedEntity","cluster":"VisitController_service"}},"called_by_1":{"PetTypeFormatterTests_testPrint()":{"method":"testPrint()","class":"PetTypeFormatterTests"}}},"method_call_details_2":{"method_2":"parse(String, Locale)","calls_2":{"PetRepository_findPetTypes()":{"method":"findPetTypes()","class":"PetRepository","cluster":"PetController_service"},"NamedEntity_getName()":{"method":"getName()","class":"NamedEntity","cluster":"VisitController_service"}},"called_by_2":{"PetTypeFormatterTests_shouldThrowParseException()":{"method":"shouldThrowParseException()","class":"PetTypeFormatterTests"},"PetTypeFormatterTests_shouldParse()":{"method":"shouldParse()","class":"PetTypeFormatterTests"}}}},"caller_classes":["PetTypeFormatterTests"],"called_classes":["NamedEntity","PetRepository"],"read_variables":{"pets_PetTypeFormatter":{"field":"pets","class":"PetTypeFormatter"}}}}},"CrashController17":{"cluster":"","classname":"CrashController","subgraphs":{"Subgraph1":{"relocate_to":{},"methods":["triggerException()"],"written_variables":{},"Subgraph":{"method_call_details_1":{"method_1":"triggerException()"}},"caller_classes":[],"called_classes":[],"read_variables":{}}}},"NamedEntity24":{"cluster":"VisitController_service","classname":"NamedEntity","subgraphs":{"Subgraph1":{"relocate_to":{},"methods":["getName()","toString()","setName(String)"],"written_variables":{"name_NamedEntity":{"field":"name","class":"NamedEntity"}},"Subgraph":{"method_call_details_1":{"method_1":"getName()","called_by_1":{"PetTypeFormatter_print(PetType, Locale)":{"method":"print(PetType, Locale)","class":"PetTypeFormatter","cluster":"PetController_service"},"ClinicServiceTests_shouldFindVets()":{"method":"shouldFindVets()","class":"ClinicServiceTests"},"PetValidator_validate(Object, Errors)":{"method":"validate(Object, Errors)","class":"PetValidator","cluster":"PetController_service"},"Owner_getPet(String, boolean)":{"method":"getPet(String, boolean)","class":"Owner","cluster":"PetController_service"},"ClinicServiceTests_shouldFindPetWithCorrectId()":{"method":"shouldFindPetWithCorrectId()","class":"ClinicServiceTests"},"ClinicServiceTests_shouldFindSingleOwnerWithPet()":{"method":"shouldFindSingleOwnerWithPet()","class":"ClinicServiceTests"},"ClinicServiceTests_shouldFindAllPetTypes()":{"method":"shouldFindAllPetTypes()","class":"ClinicServiceTests"},"ClinicServiceTests_shouldUpdatePetName()":{"method":"shouldUpdatePetName()","class":"ClinicServiceTests"},"PetTypeFormatter_parse(String, Locale)":{"method":"parse(String, Locale)","class":"PetTypeFormatter","cluster":"PetController_service"},"PetTypeFormatterTests_shouldParse()":{"method":"shouldParse()","class":"PetTypeFormatterTests"},"PetController_processCreationForm(Owner, Pet, BindingResult, ModelMap)":{"method":"processCreationForm(Owner, Pet, BindingResult, ModelMap)","class":"PetController","cluster":"PetController_service"}}},"method_call_details_2":{"method_2":"toString()"},"method_call_details_3":{"method_3":"setName(String)","called_by_3":{"PetControllerTests_setup()":{"method":"setup()","class":"PetControllerTests"},"ClinicServiceTests_shouldInsertPetIntoDatabaseAndGenerateId()":{"method":"shouldInsertPetIntoDatabaseAndGenerateId()","class":"ClinicServiceTests"},"PetTypeFormatterTests_testPrint()":{"method":"testPrint()","class":"PetTypeFormatterTests"},"PetTypeFormatterTests_makePetTypes()":{"method":"makePetTypes()","class":"PetTypeFormatterTests"},"VetControllerTests_setup()":{"method":"setup()","class":"VetControllerTests"},"OwnerControllerTests_setup()":{"method":"setup()","class":"OwnerControllerTests"},"ClinicServiceTests_shouldUpdatePetName()":{"method":"shouldUpdatePetName()","class":"ClinicServiceTests"}}}},"caller_classes":["PetTypeFormatter","ClinicServiceTests","PetValidator","Owner","PetTypeFormatterTests","PetController","PetControllerTests","VetControllerTests","OwnerControllerTests"],"called_classes":[],"read_variables":{"name_NamedEntity":{"field":"name","class":"NamedEntity"}}}}},"PetControllerTests28":{"cluster":"","classname":"PetControllerTests","subgraphs":{"Subgraph1":{"relocate_to":{},"methods":["testInitUpdateForm()","setup()","testProcessUpdateFormSuccess()","testInitCreationForm()","testProcessCreationFormHasErrors()","testProcessCreationFormSuccess()","testProcessUpdateFormHasErrors()"],"written_variables":{"owners_PetControllerTests":{"field":"owners","class":"PetControllerTests"},"TEST_OWNER_ID_PetControllerTests":{"field":"TEST_OWNER_ID","class":"PetControllerTests"},"pets_PetControllerTests":{"field":"pets","class":"PetControllerTests"},"TEST_PET_ID_PetControllerTests":{"field":"TEST_PET_ID","class":"PetControllerTests"}},"Subgraph":{"method_call_details_1":{"method_1":"testInitUpdateForm()"},"method_call_details_2":{"method_2":"setup()","calls_2":{"PetRepository_findPetTypes()":{"method":"findPetTypes()","class":"PetRepository","cluster":"PetController_service"},"NamedEntity_setName(String)":{"method":"setName(String)","class":"NamedEntity","cluster":"VisitController_service"},"BaseEntity_setId(Integer)":{"method":"setId(Integer)","class":"BaseEntity","cluster":"Refactor_candidates_group_service"},"OwnerRepository_findById(Integer)":{"method":"findById(Integer)","class":"OwnerRepository","cluster":"Unassigned_group_service"},"PetRepository_findById(Integer)":{"method":"findById(Integer)","class":"PetRepository","cluster":"PetController_service"}}},"method_call_details_3":{"method_3":"testProcessUpdateFormSuccess()"},"method_call_details_4":{"method_4":"testInitCreationForm()"},"method_call_details_5":{"method_5":"testProcessCreationFormHasErrors()"},"method_call_details_6":{"method_6":"testProcessCreationFormSuccess()"},"method_call_details_7":{"method_7":"testProcessUpdateFormHasErrors()"}},"caller_classes":[],"called_classes":["PetRepository","NamedEntity","BaseEntity","OwnerRepository"],"read_variables":{"owners_PetControllerTests":{"field":"owners","class":"PetControllerTests"},"TEST_OWNER_ID_PetControllerTests":{"field":"TEST_OWNER_ID","class":"PetControllerTests"},"pets_PetControllerTests":{"field":"pets","class":"PetControllerTests"},"TEST_PET_ID_PetControllerTests":{"field":"TEST_PET_ID","class":"PetControllerTests"}}}}},"PetTypeFormatterTests10":{"cluster":"","classname":"PetTypeFormatterTests","subgraphs":{"Subgraph1":{"relocate_to":{},"methods":["shouldThrowParseException()","setup()","makePetTypes()","shouldParse()","testPrint()"],"written_variables":{"petTypeFormatter_PetTypeFormatterTests":{"field":"petTypeFormatter","class":"PetTypeFormatterTests"},"ENGLISH_Locale":{"field":"ENGLISH","class":"Locale"},"class_ParseException":{"field":"class","class":"ParseException"},"pets_PetTypeFormatterTests":{"field":"pets","class":"PetTypeFormatterTests"}},"Subgraph":{"method_call_details_1":{"method_1":"shouldThrowParseException()","calls_1":{"PetRepository_findPetTypes()":{"method":"findPetTypes()","class":"PetRepository","cluster":"PetController_service"},"PetTypeFormatter_parse(String, Locale)":{"method":"parse(String, Locale)","class":"PetTypeFormatter","cluster":"PetController_service"}}},"method_call_details_2":{"method_2":"setup()"},"method_call_details_3":{"method_3":"makePetTypes()","calls_3":{"NamedEntity_setName(String)":{"method":"setName(String)","class":"NamedEntity","cluster":"VisitController_service"}}},"method_call_details_4":{"method_4":"shouldParse()","calls_4":{"PetRepository_findPetTypes()":{"method":"findPetTypes()","class":"PetRepository","cluster":"PetController_service"},"NamedEntity_getName()":{"method":"getName()","class":"NamedEntity","cluster":"VisitController_service"},"PetTypeFormatter_parse(String, Locale)":{"method":"parse(String, Locale)","class":"PetTypeFormatter","cluster":"PetController_service"}}},"method_call_details_5":{"method_5":"testPrint()","calls_5":{"PetTypeFormatter_print(PetType, Locale)":{"method":"print(PetType, Locale)","class":"PetTypeFormatter","cluster":"PetController_service"},"NamedEntity_setName(String)":{"method":"setName(String)","class":"NamedEntity","cluster":"VisitController_service"}}}},"caller_classes":[],"called_classes":["PetRepository","PetTypeFormatter","NamedEntity"],"read_variables":{"petTypeFormatter_PetTypeFormatterTests":{"field":"petTypeFormatter","class":"PetTypeFormatterTests"},"ENGLISH_Locale":{"field":"ENGLISH","class":"Locale"},"class_ParseException":{"field":"class","class":"ParseException"},"pets_PetTypeFormatterTests":{"field":"pets","class":"PetTypeFormatterTests"}}}}},"Visit14":{"cluster":"Visitget_service","classname":"Visit","subgraphs":{"Subgraph1":{"relocate_to":{"cluster":"","class":"ClinicServiceTests"},"methods":["getPetId()","setDate(LocalDate)","getDescription()","setDescription(String)","getDate()","setPetId(Integer)"],"written_variables":{"petId_Visit":{"field":"petId","class":"Visit"},"date_Visit":{"field":"date","class":"Visit"},"description_Visit":{"field":"description","class":"Visit"}},"Subgraph":{"method_call_details_1":{"method_1":"getPetId()","called_by_1":{"ClinicServiceTests_shouldFindVisitsByPetId()":{"method":"shouldFindVisitsByPetId()","class":"ClinicServiceTests"}}},"method_call_details_2":{"method_2":"setDate(LocalDate)","called_by_2":{"OwnerControllerTests_setup()":{"method":"setup()","class":"OwnerControllerTests"}}},"method_call_details_3":{"method_3":"getDescription()"},"method_call_details_4":{"method_4":"setDescription(String)","called_by_4":{"ClinicServiceTests_shouldAddNewVisitForPet()":{"method":"shouldAddNewVisitForPet()","class":"ClinicServiceTests"}}},"method_call_details_5":{"method_5":"getDate()","called_by_5":{"ClinicServiceTests_shouldFindVisitsByPetId()":{"method":"shouldFindVisitsByPetId()","class":"ClinicServiceTests"}}},"method_call_details_6":{"method_6":"setPetId(Integer)"}},"caller_classes":["ClinicServiceTests","OwnerControllerTests"],"called_classes":[],"read_variables":{"petId_Visit":{"field":"petId","class":"Visit"},"date_Visit":{"field":"date","class":"Visit"},"description_Visit":{"field":"description","class":"Visit"}}}}},"Specialty33":{"cluster":"","classname":"Specialty","subgraphs":{}},"OwnerControllerTests4":{"cluster":"","classname":"OwnerControllerTests","subgraphs":{"Subgraph1":{"relocate_to":{},"methods":["testProcessCreationFormSuccess()"],"written_variables":{},"Subgraph":{"method_call_details_1":{"method_1":"testProcessCreationFormSuccess()"}},"caller_classes":[],"called_classes":[],"read_variables":{}},"Subgraph5":{"relocate_to":{},"methods":["testProcessFindFormNoOwnersFound()"],"written_variables":{},"Subgraph":{"method_call_details_1":{"method_1":"testProcessFindFormNoOwnersFound()"}},"caller_classes":[],"called_classes":[],"read_variables":{}},"Subgraph4":{"relocate_to":{},"methods":["testInitFindForm()"],"written_variables":{},"Subgraph":{"method_call_details_1":{"method_1":"testInitFindForm()"}},"caller_classes":[],"called_classes":[],"read_variables":{}},"Subgraph3":{"relocate_to":{},"methods":["testInitCreationForm()"],"written_variables":{},"Subgraph":{"method_call_details_1":{"method_1":"testInitCreationForm()"}},"caller_classes":[],"called_classes":[],"read_variables":{}},"Subgraph2":{"relocate_to":{},"methods":["testProcessUpdateOwnerFormSuccess()","setup()","testShowOwner()","testProcessFindFormByLastName()","testProcessUpdateOwnerFormHasErrors()","testInitUpdateOwnerForm()","testProcessFindFormSuccess()"],"written_variables":{"TEST_OWNER_ID_OwnerControllerTests":{"field":"TEST_OWNER_ID","class":"OwnerControllerTests"},"george_OwnerControllerTests":{"field":"george","class":"OwnerControllerTests"},"visits_OwnerControllerTests":{"field":"visits","class":"OwnerControllerTests"},"owners_OwnerControllerTests":{"field":"owners","class":"OwnerControllerTests"}},"Subgraph":{"method_call_details_1":{"method_1":"testProcessUpdateOwnerFormSuccess()"},"method_call_details_2":{"method_2":"setup()","calls_2":{"Person_setFirstName(String)":{"method":"setFirstName(String)","class":"Person","cluster":"PetController_service"},"Owner_setAddress(String)":{"method":"setAddress(String)","class":"Owner","cluster":"PetController_service"},"Owner_setCity(String)":{"method":"setCity(String)","class":"Owner","cluster":"PetController_service"},"Owner_setPetsInternal(Pet>)":{"method":"setPetsInternal(Pet>)","class":"Owner","cluster":"PetController_service"},"Person_setLastName(String)":{"method":"setLastName(String)","class":"Person","cluster":"PetController_service"},"BaseEntity_getId()":{"method":"getId()","class":"BaseEntity","cluster":"Refactor_candidates_group_service"},"Pet_setType(PetType)":{"method":"setType(PetType)","class":"Pet","cluster":"Petset_service"},"NamedEntity_setName(String)":{"method":"setName(String)","class":"NamedEntity","cluster":"VisitController_service"},"VisitRepository_findByPetId(Integer)":{"method":"findByPetId(Integer)","class":"VisitRepository","cluster":"PetController_service"},"Visit_setDate(LocalDate)":{"method":"setDate(LocalDate)","class":"Visit","cluster":"Visitget_service"},"BaseEntity_setId(Integer)":{"method":"setId(Integer)","class":"BaseEntity","cluster":"Refactor_candidates_group_service"},"OwnerRepository_findById(Integer)":{"method":"findById(Integer)","class":"OwnerRepository","cluster":"Unassigned_group_service"},"Owner_setTelephone(String)":{"method":"setTelephone(String)","class":"Owner","cluster":"PetController_service"},"Pet_setBirthDate(LocalDate)":{"method":"setBirthDate(LocalDate)","class":"Pet","cluster":"Petset_service"}}},"method_call_details_3":{"method_3":"testShowOwner()"},"method_call_details_4":{"method_4":"testProcessFindFormByLastName()","calls_4":{"Person_getLastName()":{"method":"getLastName()","class":"Person","cluster":"PetController_service"},"OwnerRepository_findByLastName(String)":{"method":"findByLastName(String)","class":"OwnerRepository","cluster":"Unassigned_group_service"}}},"method_call_details_5":{"method_5":"testProcessUpdateOwnerFormHasErrors()"},"method_call_details_6":{"method_6":"testInitUpdateOwnerForm()"},"method_call_details_7":{"method_7":"testProcessFindFormSuccess()","calls_7":{"OwnerRepository_findByLastName(String)":{"method":"findByLastName(String)","class":"OwnerRepository","cluster":"Unassigned_group_service"}}}},"caller_classes":[],"called_classes":["Person","Owner","BaseEntity","Pet","NamedEntity","VisitRepository","OwnerRepository"],"read_variables":{"TEST_OWNER_ID_OwnerControllerTests":{"field":"TEST_OWNER_ID","class":"OwnerControllerTests"},"george_OwnerControllerTests":{"field":"george","class":"OwnerControllerTests"},"visits_OwnerControllerTests":{"field":"visits","class":"OwnerControllerTests"},"owners_OwnerControllerTests":{"field":"owners","class":"OwnerControllerTests"}}},"Subgraph6":{"relocate_to":{},"methods":["testProcessCreationFormHasErrors()"],"written_variables":{},"Subgraph":{"method_call_details_1":{"method_1":"testProcessCreationFormHasErrors()"}},"caller_classes":[],"called_classes":[],"read_variables":{}}}},"ClinicServiceTests12":{"cluster":"","classname":"ClinicServiceTests","subgraphs":{"Subgraph1":{"relocate_to":{},"methods":["shouldFindVets()"],"written_variables":{"vets_ClinicServiceTests":{"field":"vets","class":"ClinicServiceTests"},"class_Vet":{"field":"class","class":"Vet"}},"Subgraph":{"method_call_details_1":{"method_1":"shouldFindVets()","calls_1":{"Vet_getNrOfSpecialties()":{"method":"getNrOfSpecialties()","class":"Vet","cluster":"PetController_service"},"VetRepository_findAll()":{"method":"findAll()","class":"VetRepository","cluster":"Unassigned_group_service"},"Person_getLastName()":{"method":"getLastName()","class":"Person","cluster":"PetController_service"},"NamedEntity_getName()":{"method":"getName()","class":"NamedEntity","cluster":"VisitController_service"},"Vet_getSpecialties()":{"method":"getSpecialties()","class":"Vet","cluster":"PetController_service"},"EntityUtils_getById(Collection<T>, Class<T>, int)":{"method":"getById(Collection<T>, Class<T>, int)","class":"EntityUtils"}}}},"caller_classes":[],"called_classes":["Vet","VetRepository","Person","NamedEntity","EntityUtils"],"read_variables":{"vets_ClinicServiceTests":{"field":"vets","class":"ClinicServiceTests"},"class_Vet":{"field":"class","class":"Vet"}}},"Subgraph4":{"relocate_to":{},"methods":["shouldFindAllPetTypes()","shouldInsertPetIntoDatabaseAndGenerateId()","shouldFindPetWithCorrectId()","shouldFindOwnersByLastName()","shouldAddNewVisitForPet()","shouldFindSingleOwnerWithPet()","shouldUpdatePetName()","shouldInsertOwner()"],"written_variables":{"pets_ClinicServiceTests":{"field":"pets","class":"ClinicServiceTests"},"visits_ClinicServiceTests":{"field":"visits","class":"ClinicServiceTests"},"class_PetType":{"field":"class","class":"PetType"},"owners_ClinicServiceTests":{"field":"owners","class":"ClinicServiceTests"}},"Subgraph":{"method_call_details_1":{"method_1":"shouldFindAllPetTypes()","calls_1":{"PetRepository_findPetTypes()":{"method":"findPetTypes()","class":"PetRepository","cluster":"PetController_service"},"NamedEntity_getName()":{"method":"getName()","class":"NamedEntity","cluster":"VisitController_service"},"EntityUtils_getById(Collection<T>, Class<T>, int)":{"method":"getById(Collection<T>, Class<T>, int)","class":"EntityUtils"}}},"method_call_details_2":{"method_2":"shouldInsertPetIntoDatabaseAndGenerateId()","calls_2":{"Owner_addPet(Pet)":{"method":"addPet(Pet)","class":"Owner","cluster":"PetController_service"},"OwnerRepository_save(Owner)":{"method":"save(Owner)","class":"OwnerRepository","cluster":"Unassigned_group_service"},"Owner_getPets()":{"method":"getPets()","class":"Owner","cluster":"PetController_service"},"PetRepository_save(Pet)":{"method":"save(Pet)","class":"PetRepository","cluster":"PetController_service"},"PetRepository_findPetTypes()":{"method":"findPetTypes()","class":"PetRepository","cluster":"PetController_service"},"NamedEntity_setName(String)":{"method":"setName(String)","class":"NamedEntity","cluster":"VisitController_service"},"OwnerRepository_findById(Integer)":{"method":"findById(Integer)","class":"OwnerRepository","cluster":"Unassigned_group_service"},"BaseEntity_getId()":{"method":"getId()","class":"BaseEntity","cluster":"Refactor_candidates_group_service"},"EntityUtils_getById(Collection<T>, Class<T>, int)":{"method":"getById(Collection<T>, Class<T>, int)","class":"EntityUtils"},"Pet_setBirthDate(LocalDate)":{"method":"setBirthDate(LocalDate)","class":"Pet","cluster":"Petset_service"}}},"method_call_details_3":{"method_3":"shouldFindPetWithCorrectId()","calls_3":{"Person_getFirstName()":{"method":"getFirstName()","class":"Person","cluster":"PetController_service"},"PetRepository_findById(Integer)":{"method":"findById(Integer)","class":"PetRepository","cluster":"PetController_service"},"NamedEntity_getName()":{"method":"getName()","class":"NamedEntity","cluster":"VisitController_service"},"Pet_getOwner()":{"method":"getOwner()","class":"Pet","cluster":"Petset_service"}}},"method_call_details_4":{"method_4":"shouldFindOwnersByLastName()","calls_4":{"OwnerRepository_findByLastName(String)":{"method":"findByLastName(String)","class":"OwnerRepository","cluster":"Unassigned_group_service"}}},"method_call_details_5":{"method_5":"shouldAddNewVisitForPet()","calls_5":{"VisitRepository_save(Visit)":{"method":"save(Visit)","class":"VisitRepository","cluster":"PetController_service"},"PetRepository_save(Pet)":{"method":"save(Pet)","class":"PetRepository","cluster":"PetController_service"},"Pet_getVisits()":{"method":"getVisits()","class":"Pet","cluster":"Petset_service"},"BaseEntity_getId()":{"method":"getId()","class":"BaseEntity","cluster":"Refactor_candidates_group_service"},"PetRepository_findById(Integer)":{"method":"findById(Integer)","class":"PetRepository","cluster":"PetController_service"},"Pet_addVisit(Visit)":{"method":"addVisit(Visit)","class":"Pet","cluster":"Petset_service"},"Visit_setDescription(String)":{"method":"setDescription(String)","class":"Visit","cluster":"Visitget_service"}}},"method_call_details_6":{"method_6":"shouldFindSingleOwnerWithPet()","calls_6":{"Owner_getPets()":{"method":"getPets()","class":"Owner","cluster":"PetController_service"},"Person_getLastName()":{"method":"getLastName()","class":"Person","cluster":"PetController_service"},"OwnerRepository_findById(Integer)":{"method":"findById(Integer)","class":"OwnerRepository","cluster":"Unassigned_group_service"},"NamedEntity_getName()":{"method":"getName()","class":"NamedEntity","cluster":"VisitController_service"},"Pet_getType()":{"method":"getType()","class":"Pet","cluster":"Petset_service"}}},"method_call_details_7":{"method_7":"shouldUpdatePetName()","calls_7":{"PetRepository_save(Pet)":{"method":"save(Pet)","class":"PetRepository","cluster":"PetController_service"},"NamedEntity_setName(String)":{"method":"setName(String)","class":"NamedEntity","cluster":"VisitController_service"},"PetRepository_findById(Integer)":{"method":"findById(Integer)","class":"PetRepository","cluster":"PetController_service"},"NamedEntity_getName()":{"method":"getName()","class":"NamedEntity","cluster":"VisitController_service"}}},"method_call_details_8":{"method_8":"shouldInsertOwner()","calls_8":{"OwnerRepository_save(Owner)":{"method":"save(Owner)","class":"OwnerRepository","cluster":"Unassigned_group_service"},"Person_setFirstName(String)":{"method":"setFirstName(String)","class":"Person","cluster":"PetController_service"},"Owner_setAddress(String)":{"method":"setAddress(String)","class":"Owner","cluster":"PetController_service"},"Owner_setCity(String)":{"method":"setCity(String)","class":"Owner","cluster":"PetController_service"},"Person_setLastName(String)":{"method":"setLastName(String)","class":"Person","cluster":"PetController_service"},"BaseEntity_getId()":{"method":"getId()","class":"BaseEntity","cluster":"Refactor_candidates_group_service"},"Owner_setTelephone(String)":{"method":"setTelephone(String)","class":"Owner","cluster":"PetController_service"},"OwnerRepository_findByLastName(String)":{"method":"findByLastName(String)","class":"OwnerRepository","cluster":"Unassigned_group_service"}}}},"caller_classes":[],"called_classes":["PetRepository","NamedEntity","EntityUtils","Owner","OwnerRepository","BaseEntity","Person","VisitRepository"],"read_variables":{"pets_ClinicServiceTests":{"field":"pets","class":"ClinicServiceTests"},"visits_ClinicServiceTests":{"field":"visits","class":"ClinicServiceTests"},"class_PetType":{"field":"class","class":"PetType"},"owners_ClinicServiceTests":{"field":"owners","class":"ClinicServiceTests"}}},"Subgraph3":{"relocate_to":{},"methods":["shouldUpdateOwner()"],"written_variables":{"owners_ClinicServiceTests":{"field":"owners","class":"ClinicServiceTests"}},"Subgraph":{"method_call_details_1":{"method_1":"shouldUpdateOwner()","calls_1":{"OwnerRepository_save(Owner)":{"method":"save(Owner)","class":"OwnerRepository","cluster":"Unassigned_group_service"},"Person_getLastName()":{"method":"getLastName()","class":"Person","cluster":"PetController_service"},"OwnerRepository_findById(Integer)":{"method":"findById(Integer)","class":"OwnerRepository","cluster":"Unassigned_group_service"},"Person_setLastName(String)":{"method":"setLastName(String)","class":"Person","cluster":"PetController_service"}}}},"caller_classes":[],"called_classes":["OwnerRepository","Person"],"read_variables":{"owners_ClinicServiceTests":{"field":"owners","class":"ClinicServiceTests"}}},"Subgraph2":{"relocate_to":{},"methods":["shouldFindVisitsByPetId()"],"written_variables":{"visits_ClinicServiceTests":{"field":"visits","class":"ClinicServiceTests"}},"Subgraph":{"method_call_details_1":{"method_1":"shouldFindVisitsByPetId()","calls_1":{"VisitRepository_findByPetId(Integer)":{"method":"findByPetId(Integer)","class":"VisitRepository","cluster":"PetController_service"},"Visit_getDate()":{"method":"getDate()","class":"Visit","cluster":"Visitget_service"},"Visit_getPetId()":{"method":"getPetId()","class":"Visit","cluster":"Visitget_service"}}}},"caller_classes":[],"called_classes":["VisitRepository"],"read_variables":{"visits_ClinicServiceTests":{"field":"visits","class":"ClinicServiceTests"}}}}},"Pet27":{"cluster":"Petset_service","classname":"Pet","subgraphs":{"Subgraph1":{"relocate_to":{},"methods":["getVisits()","getOwner()","addVisit(Visit)","setOwner(Owner)","getVisitsInternal()","setBirthDate(LocalDate)","getType()","getBirthDate()","setType(PetType)","setVisitsInternal(Collection)"],"written_variables":{"visits_Pet":{"field":"visits","class":"Pet"},"owner_Pet":{"field":"owner","class":"Pet"},"type_Pet":{"field":"type","class":"Pet"},"birthDate_Pet":{"field":"birthDate","class":"Pet"}},"Subgraph":{"method_call_details_1":{"method_1":"getVisits()","called_by_1":{"ClinicServiceTests_shouldAddNewVisitForPet()":{"method":"shouldAddNewVisitForPet()","class":"ClinicServiceTests"}}},"method_call_details_2":{"method_2":"getOwner()","called_by_2":{"ClinicServiceTests_shouldFindPetWithCorrectId()":{"method":"shouldFindPetWithCorrectId()","class":"ClinicServiceTests"}}},"method_call_details_3":{"method_3":"addVisit(Visit)","calls_3":{"Visit_setPetId(Integer)":{"method":"setPetId(Integer)","class":"Visit","cluster":"Visitget_service"},"BaseEntity_getId()":{"method":"getId()","class":"BaseEntity","cluster":"Refactor_candidates_group_service"}},"called_by_3":{"VisitController_loadPetWithVisit(int, Map)":{"method":"loadPetWithVisit(int, Map)","class":"VisitController","cluster":"VisitController_service"},"ClinicServiceTests_shouldAddNewVisitForPet()":{"method":"shouldAddNewVisitForPet()","class":"ClinicServiceTests"}}},"method_call_details_4":{"method_4":"setOwner(Owner)","called_by_4":{"Owner_addPet(Pet)":{"method":"addPet(Pet)","class":"Owner","cluster":"PetController_service"},"PetController_processUpdateForm(Pet, BindingResult, Owner, ModelMap)":{"method":"processUpdateForm(Pet, BindingResult, Owner, ModelMap)","class":"PetController","cluster":"PetController_service"}}},"method_call_details_5":{"method_5":"getVisitsInternal()"},"method_call_details_6":{"method_6":"setBirthDate(LocalDate)","called_by_6":{"ClinicServiceTests_shouldInsertPetIntoDatabaseAndGenerateId()":{"method":"shouldInsertPetIntoDatabaseAndGenerateId()","class":"ClinicServiceTests"},"OwnerControllerTests_setup()":{"method":"setup()","class":"OwnerControllerTests"}}},"method_call_details_7":{"method_7":"getType()","called_by_7":{"PetValidator_validate(Object, Errors)":{"method":"validate(Object, Errors)","class":"PetValidator","cluster":"PetController_service"},"ClinicServiceTests_shouldFindSingleOwnerWithPet()":{"method":"shouldFindSingleOwnerWithPet()","class":"ClinicServiceTests"}}},"method_call_details_8":{"method_8":"getBirthDate()","called_by_8":{"PetValidator_validate(Object, Errors)":{"method":"validate(Object, Errors)","class":"PetValidator","cluster":"PetController_service"}}},"method_call_details_9":{"method_9":"setType(PetType)","called_by_9":{"OwnerControllerTests_setup()":{"method":"setup()","class":"OwnerControllerTests"}}},"method_call_details_10":{"method_10":"setVisitsInternal(Collection)"}},"caller_classes":["ClinicServiceTests","VisitController","Owner","PetController","OwnerControllerTests","PetValidator"],"called_classes":["Visit","BaseEntity"],"read_variables":{"visits_Pet":{"field":"visits","class":"Pet"},"owner_Pet":{"field":"owner","class":"Pet"},"type_Pet":{"field":"type","class":"Pet"},"birthDate_Pet":{"field":"birthDate","class":"Pet"}}}}},"OwnerController5":{"cluster":"PetController_service","classname":"OwnerController","subgraphs":{"Subgraph1":{"relocate_to":{},"methods":["initFindForm(Map)"],"written_variables":{},"Subgraph":{"method_call_details_1":{"method_1":"initFindForm(Map)"}},"caller_classes":[],"called_classes":[],"read_variables":{}},"Subgraph4":{"relocate_to":{},"methods":["setAllowedFields(WebDataBinder)"],"written_variables":{},"Subgraph":{"method_call_details_1":{"method_1":"setAllowedFields(WebDataBinder)"}},"caller_classes":[],"called_classes":[],"read_variables":{}},"Subgraph3":{"relocate_to":{},"methods":["initCreationForm(Map)"],"written_variables":{"VIEWS_OWNER_CREATE_OR_UPDATE_FORM_OwnerController":{"field":"VIEWS_OWNER_CREATE_OR_UPDATE_FORM","class":"OwnerController"}},"Subgraph":{"method_call_details_1":{"method_1":"initCreationForm(Map)"}},"caller_classes":[],"called_classes":[],"read_variables":{"VIEWS_OWNER_CREATE_OR_UPDATE_FORM_OwnerController":{"field":"VIEWS_OWNER_CREATE_OR_UPDATE_FORM","class":"OwnerController"}}},"Subgraph2":{"relocate_to":{},"methods":["processFindForm(Owner, BindingResult, Map)","processUpdateOwnerForm(Owner, BindingResult, int)","showOwner(int)","processCreationForm(Owner, BindingResult)","initUpdateOwnerForm(int, Model)"],"written_variables":{"owners_OwnerController":{"field":"owners","class":"OwnerController"},"VIEWS_OWNER_CREATE_OR_UPDATE_FORM_OwnerController":{"field":"VIEWS_OWNER_CREATE_OR_UPDATE_FORM","class":"OwnerController"}},"Subgraph":{"method_call_details_1":{"method_1":"processFindForm(Owner, BindingResult, Map)","calls_1":{"Person_getLastName()":{"method":"getLastName()","class":"Person","cluster":"PetController_service"},"Person_setLastName(String)":{"method":"setLastName(String)","class":"Person","cluster":"PetController_service"},"BaseEntity_getId()":{"method":"getId()","class":"BaseEntity","cluster":"Refactor_candidates_group_service"},"OwnerRepository_findByLastName(String)":{"method":"findByLastName(String)","class":"OwnerRepository","cluster":"Unassigned_group_service"}}},"method_call_details_2":{"method_2":"processUpdateOwnerForm(Owner, BindingResult, int)","calls_2":{"OwnerRepository_save(Owner)":{"method":"save(Owner)","class":"OwnerRepository","cluster":"Unassigned_group_service"},"BaseEntity_setId(Integer)":{"method":"setId(Integer)","class":"BaseEntity","cluster":"Refactor_candidates_group_service"}}},"method_call_details_3":{"method_3":"showOwner(int)","calls_3":{"Owner_getPets()":{"method":"getPets()","class":"Owner","cluster":"PetController_service"},"Pet_setVisitsInternal(Visit>)":{"method":"setVisitsInternal(Visit>)","class":"Pet","cluster":"Petset_service"},"VisitRepository_findByPetId(Integer)":{"method":"findByPetId(Integer)","class":"VisitRepository","cluster":"PetController_service"},"OwnerRepository_findById(Integer)":{"method":"findById(Integer)","class":"OwnerRepository","cluster":"Unassigned_group_service"},"BaseEntity_getId()":{"method":"getId()","class":"BaseEntity","cluster":"Refactor_candidates_group_service"}}},"method_call_details_4":{"method_4":"processCreationForm(Owner, BindingResult)","calls_4":{"OwnerRepository_save(Owner)":{"method":"save(Owner)","class":"OwnerRepository","cluster":"Unassigned_group_service"},"BaseEntity_getId()":{"method":"getId()","class":"BaseEntity","cluster":"Refactor_candidates_group_service"}}},"method_call_details_5":{"method_5":"initUpdateOwnerForm(int, Model)","calls_5":{"OwnerRepository_findById(Integer)":{"method":"findById(Integer)","class":"OwnerRepository","cluster":"Unassigned_group_service"}}}},"caller_classes":[],"called_classes":["Person","BaseEntity","OwnerRepository","Pet","VisitRepository"],"read_variables":{"owners_OwnerController":{"field":"owners","class":"OwnerController"},"VIEWS_OWNER_CREATE_OR_UPDATE_FORM_OwnerController":{"field":"VIEWS_OWNER_CREATE_OR_UPDATE_FORM","class":"OwnerController"}}}}},"null9":{"cluster":"","classname":null,"subgraphs":{}},"WelcomeController32":{"cluster":"","classname":"WelcomeController","subgraphs":{"Subgraph1":{"relocate_to":{},"methods":["welcome()"],"written_variables":{},"Subgraph":{"method_call_details_1":{"method_1":"welcome()"}},"caller_classes":[],"called_classes":[],"read_variables":{}}}},"PetValidator13":{"cluster":"PetController_service","classname":"PetValidator","subgraphs":{"Subgraph1":{"relocate_to":{},"methods":["validate(Object, Errors)"],"written_variables":{"REQUIRED_PetValidator":{"field":"REQUIRED","class":"PetValidator"}},"Subgraph":{"method_call_details_1":{"method_1":"validate(Object, Errors)","calls_1":{"Pet_getBirthDate()":{"method":"getBirthDate()","class":"Pet","cluster":"Petset_service"},"NamedEntity_getName()":{"method":"getName()","class":"NamedEntity","cluster":"VisitController_service"},"Pet_getType()":{"method":"getType()","class":"Pet","cluster":"Petset_service"},"BaseEntity_isNew()":{"method":"isNew()","class":"BaseEntity","cluster":"Refactor_candidates_group_service"}}}},"caller_classes":[],"called_classes":["Pet","NamedEntity","BaseEntity"],"read_variables":{"REQUIRED_PetValidator":{"field":"REQUIRED","class":"PetValidator"}}},"Subgraph2":{"relocate_to":{},"methods":["supports(Class)"],"written_variables":{},"Subgraph":{"method_call_details_1":{"method_1":"supports(Class)"}},"caller_classes":[],"called_classes":[],"read_variables":{}}}},"EntityUtils20":{"cluster":"","classname":"EntityUtils","subgraphs":{"Subgraph1":{"relocate_to":{},"methods":["getById(Collection, Class, int)"],"written_variables":{},"Subgraph":{"method_call_details_1":{"method_1":"getById(Collection, Class, int)","calls_1":{"BaseEntity_getId()":{"method":"getId()","class":"BaseEntity","cluster":"Refactor_candidates_group_service"}}}},"caller_classes":[],"called_classes":["BaseEntity"],"read_variables":{}}}},"BaseEntity16":{"cluster":"Refactor_candidates_group_service","classname":"BaseEntity","subgraphs":{"Subgraph1":{"relocate_to":{},"methods":["isNew()","getId()","setId(Integer)"],"written_variables":{"id_BaseEntity":{"field":"id","class":"BaseEntity"}},"Subgraph":{"method_call_details_1":{"method_1":"isNew()"},"method_call_details_2":{"method_2":"getId()"},"method_call_details_3":{"method_3":"setId(Integer)"}},"caller_classes":[],"called_classes":[],"read_variables":{"id_BaseEntity":{"field":"id","class":"BaseEntity"}}}}},"PetType23":{"cluster":"","classname":"PetType","subgraphs":{}},"CrashControllerTests2":{"cluster":"","classname":"CrashControllerTests","subgraphs":{"Subgraph1":{"relocate_to":{},"methods":["testTriggerException()"],"written_variables":{},"Subgraph":{"method_call_details_1":{"method_1":"testTriggerException()"}},"caller_classes":[],"called_classes":[],"read_variables":{}}}},"VisitControllerTests25":{"cluster":"","classname":"VisitControllerTests","subgraphs":{"Subgraph1":{"relocate_to":{},"methods":["testProcessNewVisitFormSuccess()","init()","testProcessNewVisitFormHasErrors()","testInitNewVisitForm()"],"written_variables":{"pets_VisitControllerTests":{"field":"pets","class":"VisitControllerTests"},"TEST_PET_ID_VisitControllerTests":{"field":"TEST_PET_ID","class":"VisitControllerTests"}},"Subgraph":{"method_call_details_1":{"method_1":"testProcessNewVisitFormSuccess()"},"method_call_details_2":{"method_2":"init()","calls_2":{"PetRepository_findById(Integer)":{"method":"findById(Integer)","class":"PetRepository","cluster":"PetController_service"}}},"method_call_details_3":{"method_3":"testProcessNewVisitFormHasErrors()"},"method_call_details_4":{"method_4":"testInitNewVisitForm()"}},"caller_classes":[],"called_classes":["PetRepository"],"read_variables":{"pets_VisitControllerTests":{"field":"pets","class":"VisitControllerTests"},"TEST_PET_ID_VisitControllerTests":{"field":"TEST_PET_ID","class":"VisitControllerTests"}}}}},"VetTests8":{"cluster":"","classname":"VetTests","subgraphs":{"Subgraph1":{"relocate_to":{},"methods":["testSerialization()"],"written_variables":{},"Subgraph":{"method_call_details_1":{"method_1":"testSerialization()","calls_1":{"Person_setFirstName(String)":{"method":"setFirstName(String)","class":"Person","cluster":"PetController_service"},"Person_getLastName()":{"method":"getLastName()","class":"Person","cluster":"PetController_service"},"Person_getFirstName()":{"method":"getFirstName()","class":"Person","cluster":"PetController_service"},"BaseEntity_setId(Integer)":{"method":"setId(Integer)","class":"BaseEntity","cluster":"Refactor_candidates_group_service"},"Person_setLastName(String)":{"method":"setLastName(String)","class":"Person","cluster":"PetController_service"},"BaseEntity_getId()":{"method":"getId()","class":"BaseEntity","cluster":"Refactor_candidates_group_service"}}}},"caller_classes":[],"called_classes":["Person","BaseEntity"],"read_variables":{}}}},"VetControllerTests29":{"cluster":"","classname":"VetControllerTests","subgraphs":{"Subgraph1":{"relocate_to":{},"methods":["setup()"],"written_variables":{"vets_VetControllerTests":{"field":"vets","class":"VetControllerTests"}},"Subgraph":{"method_call_details_1":{"method_1":"setup()","calls_1":{"Person_setFirstName(String)":{"method":"setFirstName(String)","class":"Person","cluster":"PetController_service"},"Vet_addSpecialty(Specialty)":{"method":"addSpecialty(Specialty)","class":"Vet","cluster":"PetController_service"},"VetRepository_findAll()":{"method":"findAll()","class":"VetRepository","cluster":"Unassigned_group_service"},"NamedEntity_setName(String)":{"method":"setName(String)","class":"NamedEntity","cluster":"VisitController_service"},"BaseEntity_setId(Integer)":{"method":"setId(Integer)","class":"BaseEntity","cluster":"Refactor_candidates_group_service"},"Person_setLastName(String)":{"method":"setLastName(String)","class":"Person","cluster":"PetController_service"}}}},"caller_classes":[],"called_classes":["Person","Vet","VetRepository","NamedEntity","BaseEntity"],"read_variables":{"vets_VetControllerTests":{"field":"vets","class":"VetControllerTests"}}},"Subgraph3":{"relocate_to":{},"methods":["testShowVetListHtml()"],"written_variables":{},"Subgraph":{"method_call_details_1":{"method_1":"testShowVetListHtml()"}},"caller_classes":[],"called_classes":[],"read_variables":{}},"Subgraph2":{"relocate_to":{},"methods":["testShowResourcesVetList()"],"written_variables":{"APPLICATION_JSON_MediaType":{"field":"APPLICATION_JSON","class":"MediaType"}},"Subgraph":{"method_call_details_1":{"method_1":"testShowResourcesVetList()"}},"caller_classes":[],"called_classes":[],"read_variables":{"APPLICATION_JSON_MediaType":{"field":"APPLICATION_JSON","class":"MediaType"}}}}},"Owner19":{"cluster":"PetController_service","classname":"Owner","subgraphs":{"Subgraph1":{"relocate_to":{},"methods":["setPetsInternal(Set)","setCity(String)","addPet(Pet)","toString()","getPet(String)","getCity()","getTelephone()","setTelephone(String)","getPet(String, boolean)","getPetsInternal()","getPets()","getAddress()","setAddress(String)"],"written_variables":{"address_Owner":{"field":"address","class":"Owner"},"pets_Owner":{"field":"pets","class":"Owner"},"telephone_Owner":{"field":"telephone","class":"Owner"},"city_Owner":{"field":"city","class":"Owner"}},"Subgraph":{"method_call_details_1":{"method_1":"setPetsInternal(Set)"},"method_call_details_2":{"method_2":"setCity(String)","called_by_2":{"ClinicServiceTests_shouldInsertOwner()":{"method":"shouldInsertOwner()","class":"ClinicServiceTests"},"OwnerControllerTests_setup()":{"method":"setup()","class":"OwnerControllerTests"}}},"method_call_details_3":{"method_3":"addPet(Pet)","calls_3":{"Pet_setOwner(Owner)":{"method":"setOwner(Owner)","class":"Pet","cluster":"Petset_service"},"BaseEntity_isNew()":{"method":"isNew()","class":"BaseEntity","cluster":"Refactor_candidates_group_service"}},"called_by_3":{"ClinicServiceTests_shouldInsertPetIntoDatabaseAndGenerateId()":{"method":"shouldInsertPetIntoDatabaseAndGenerateId()","class":"ClinicServiceTests"},"PetController_processUpdateForm(Pet, BindingResult, Owner, ModelMap)":{"method":"processUpdateForm(Pet, BindingResult, Owner, ModelMap)","class":"PetController","cluster":"PetController_service"},"PetController_initCreationForm(Owner, ModelMap)":{"method":"initCreationForm(Owner, ModelMap)","class":"PetController","cluster":"PetController_service"},"PetController_processCreationForm(Owner, Pet, BindingResult, ModelMap)":{"method":"processCreationForm(Owner, Pet, BindingResult, ModelMap)","class":"PetController","cluster":"PetController_service"}}},"method_call_details_4":{"method_4":"toString()","calls_4":{"Person_getLastName()":{"method":"getLastName()","class":"Person","cluster":"PetController_service"},"Person_getFirstName()":{"method":"getFirstName()","class":"Person","cluster":"PetController_service"},"BaseEntity_getId()":{"method":"getId()","class":"BaseEntity","cluster":"Refactor_candidates_group_service"},"BaseEntity_isNew()":{"method":"isNew()","class":"BaseEntity","cluster":"Refactor_candidates_group_service"}}},"method_call_details_5":{"method_5":"getPet(String)"},"method_call_details_6":{"method_6":"getCity()"},"method_call_details_7":{"method_7":"getTelephone()"},"method_call_details_8":{"method_8":"setTelephone(String)","called_by_8":{"ClinicServiceTests_shouldInsertOwner()":{"method":"shouldInsertOwner()","class":"ClinicServiceTests"},"OwnerControllerTests_setup()":{"method":"setup()","class":"OwnerControllerTests"}}},"method_call_details_9":{"method_9":"getPet(String, boolean)","calls_9":{"NamedEntity_getName()":{"method":"getName()","class":"NamedEntity","cluster":"VisitController_service"},"BaseEntity_isNew()":{"method":"isNew()","class":"BaseEntity","cluster":"Refactor_candidates_group_service"}},"called_by_9":{"PetController_processCreationForm(Owner, Pet, BindingResult, ModelMap)":{"method":"processCreationForm(Owner, Pet, BindingResult, ModelMap)","class":"PetController","cluster":"PetController_service"}}},"method_call_details_10":{"method_10":"getPetsInternal()"},"method_call_details_11":{"method_11":"getPets()","called_by_11":{"ClinicServiceTests_shouldInsertPetIntoDatabaseAndGenerateId()":{"method":"shouldInsertPetIntoDatabaseAndGenerateId()","class":"ClinicServiceTests"},"ClinicServiceTests_shouldFindSingleOwnerWithPet()":{"method":"shouldFindSingleOwnerWithPet()","class":"ClinicServiceTests"},"OwnerController_showOwner(int)":{"method":"showOwner(int)","class":"OwnerController","cluster":"PetController_service"}}},"method_call_details_12":{"method_12":"getAddress()"},"method_call_details_13":{"method_13":"setAddress(String)","called_by_13":{"ClinicServiceTests_shouldInsertOwner()":{"method":"shouldInsertOwner()","class":"ClinicServiceTests"},"OwnerControllerTests_setup()":{"method":"setup()","class":"OwnerControllerTests"}}}},"caller_classes":["ClinicServiceTests","OwnerControllerTests","PetController"],"called_classes":["Pet","BaseEntity","Person","NamedEntity"],"read_variables":{"address_Owner":{"field":"address","class":"Owner"},"pets_Owner":{"field":"pets","class":"Owner"},"telephone_Owner":{"field":"telephone","class":"Owner"},"city_Owner":{"field":"city","class":"Owner"}}}}},"PetclinicIntegrationTests21":{"cluster":"","classname":"PetclinicIntegrationTests","subgraphs":{"Subgraph1":{"relocate_to":{},"methods":["testFindAll()"],"written_variables":{},"Subgraph":{"method_call_details_1":{"method_1":"testFindAll()","calls_1":{"VetRepository_findAll()":{"method":"findAll()","class":"VetRepository","cluster":"Unassigned_group_service"}}}},"caller_classes":[],"called_classes":["VetRepository"],"read_variables":{}}}},"PetClinicApplication11":{"cluster":"PetController_service","classname":"PetClinicApplication","subgraphs":{"Subgraph1":{"relocate_to":{},"methods":["main(String[])"],"written_variables":{"class_PetClinicApplication":{"field":"class","class":"PetClinicApplication"}},"Subgraph":{"method_call_details_1":{"method_1":"main(String[])"}},"caller_classes":[],"called_classes":[],"read_variables":{"class_PetClinicApplication":{"field":"class","class":"PetClinicApplication"}}}}},"Person6":{"cluster":"PetController_service","classname":"Person","subgraphs":{"Subgraph1":{"relocate_to":{},"methods":["getLastName()","setLastName(String)"],"written_variables":{"lastName_Person":{"field":"lastName","class":"Person"}},"Subgraph":{"method_call_details_1":{"method_1":"getLastName()"},"method_call_details_2":{"method_2":"setLastName(String)"}},"caller_classes":[],"called_classes":[],"read_variables":{"lastName_Person":{"field":"lastName","class":"Person"}}},"Subgraph2":{"relocate_to":{},"methods":["setFirstName(String)","getFirstName()"],"written_variables":{"firstName_Person":{"field":"firstName","class":"Person"}},"Subgraph":{"method_call_details_1":{"method_1":"setFirstName(String)"},"method_call_details_2":{"method_2":"getFirstName()"}},"caller_classes":[],"called_classes":[],"read_variables":{"firstName_Person":{"field":"firstName","class":"Person"}}}}},"VisitController22":{"cluster":"VisitController_service","classname":"VisitController","subgraphs":{"Subgraph1":{"relocate_to":{},"methods":["initNewVisitForm(int, Map)"],"written_variables":{},"Subgraph":{"method_call_details_1":{"method_1":"initNewVisitForm(int, Map)"}},"caller_classes":[],"called_classes":[],"read_variables":{}},"Subgraph3":{"relocate_to":{},"methods":["loadPetWithVisit(int, Map)","processNewVisitForm(Visit, BindingResult)"],"written_variables":{"pets_VisitController":{"field":"pets","class":"VisitController"},"visits_VisitController":{"field":"visits","class":"VisitController"}},"Subgraph":{"method_call_details_1":{"method_1":"loadPetWithVisit(int, Map)","calls_1":{"Pet_setVisitsInternal(Visit>)":{"method":"setVisitsInternal(Visit>)","class":"Pet","cluster":"Petset_service"},"VisitRepository_findByPetId(Integer)":{"method":"findByPetId(Integer)","class":"VisitRepository","cluster":"PetController_service"},"PetRepository_findById(Integer)":{"method":"findById(Integer)","class":"PetRepository","cluster":"PetController_service"},"Pet_addVisit(Visit)":{"method":"addVisit(Visit)","class":"Pet","cluster":"Petset_service"}}},"method_call_details_2":{"method_2":"processNewVisitForm(Visit, BindingResult)","calls_2":{"VisitRepository_save(Visit)":{"method":"save(Visit)","class":"VisitRepository","cluster":"PetController_service"}}}},"caller_classes":[],"called_classes":["Pet","VisitRepository","PetRepository"],"read_variables":{"pets_VisitController":{"field":"pets","class":"VisitController"},"visits_VisitController":{"field":"visits","class":"VisitController"}}},"Subgraph2":{"relocate_to":{},"methods":["setAllowedFields(WebDataBinder)"],"written_variables":{},"Subgraph":{"method_call_details_1":{"method_1":"setAllowedFields(WebDataBinder)"}},"caller_classes":[],"called_classes":[],"read_variables":{}}}},"Vets30":{"cluster":"PetController_service","classname":"Vets","subgraphs":{"Subgraph1":{"relocate_to":{},"methods":["getVetList()"],"written_variables":{"vets_Vets":{"field":"vets","class":"Vets"}},"Subgraph":{"method_call_details_1":{"method_1":"getVetList()","called_by_1":{"VetController_showResourcesVetList()":{"method":"showResourcesVetList()","class":"VetController","cluster":"PetController_service"},"VetController_showVetList(Map)":{"method":"showVetList(Map)","class":"VetController","cluster":"PetController_service"}}}},"caller_classes":["VetController"],"called_classes":[],"read_variables":{"vets_Vets":{"field":"vets","class":"Vets"}}}}},"PetController15":{"cluster":"PetController_service","classname":"PetController","subgraphs":{"Subgraph1":{"relocate_to":{},"methods":["initCreationForm(Owner, ModelMap)","processCreationForm(Owner, Pet, BindingResult, ModelMap)","populatePetTypes()","initUpdateForm(int, ModelMap)","processUpdateForm(Pet, BindingResult, Owner, ModelMap)"],"written_variables":{"VIEWS_PETS_CREATE_OR_UPDATE_FORM_PetController":{"field":"VIEWS_PETS_CREATE_OR_UPDATE_FORM","class":"PetController"},"pets_PetController":{"field":"pets","class":"PetController"}},"Subgraph":{"method_call_details_1":{"method_1":"initCreationForm(Owner, ModelMap)","calls_1":{"Owner_addPet(Pet)":{"method":"addPet(Pet)","class":"Owner","cluster":"PetController_service"}}},"method_call_details_2":{"method_2":"processCreationForm(Owner, Pet, BindingResult, ModelMap)","calls_2":{"Owner_addPet(Pet)":{"method":"addPet(Pet)","class":"Owner","cluster":"PetController_service"},"PetRepository_save(Pet)":{"method":"save(Pet)","class":"PetRepository","cluster":"PetController_service"},"Owner_getPet(String, boolean)":{"method":"getPet(String, boolean)","class":"Owner","cluster":"PetController_service"},"NamedEntity_getName()":{"method":"getName()","class":"NamedEntity","cluster":"VisitController_service"},"BaseEntity_isNew()":{"method":"isNew()","class":"BaseEntity","cluster":"Refactor_candidates_group_service"}}},"method_call_details_3":{"method_3":"populatePetTypes()","calls_3":{"PetRepository_findPetTypes()":{"method":"findPetTypes()","class":"PetRepository","cluster":"PetController_service"}}},"method_call_details_4":{"method_4":"initUpdateForm(int, ModelMap)","calls_4":{"PetRepository_findById(Integer)":{"method":"findById(Integer)","class":"PetRepository","cluster":"PetController_service"}}},"method_call_details_5":{"method_5":"processUpdateForm(Pet, BindingResult, Owner, ModelMap)","calls_5":{"Owner_addPet(Pet)":{"method":"addPet(Pet)","class":"Owner","cluster":"PetController_service"},"PetRepository_save(Pet)":{"method":"save(Pet)","class":"PetRepository","cluster":"PetController_service"},"Pet_setOwner(Owner)":{"method":"setOwner(Owner)","class":"Pet","cluster":"Petset_service"}}}},"caller_classes":[],"called_classes":["Owner","PetRepository","NamedEntity","BaseEntity"],"read_variables":{"VIEWS_PETS_CREATE_OR_UPDATE_FORM_PetController":{"field":"VIEWS_PETS_CREATE_OR_UPDATE_FORM","class":"PetController"},"pets_PetController":{"field":"pets","class":"PetController"}}},"Subgraph4":{"relocate_to":{},"methods":["findOwner(int)"],"written_variables":{"owners_PetController":{"field":"owners","class":"PetController"}},"Subgraph":{"method_call_details_1":{"method_1":"findOwner(int)","calls_1":{"OwnerRepository_findById(Integer)":{"method":"findById(Integer)","class":"OwnerRepository","cluster":"Unassigned_group_service"}}}},"caller_classes":[],"called_classes":["OwnerRepository"],"read_variables":{"owners_PetController":{"field":"owners","class":"PetController"}}},"Subgraph3":{"relocate_to":{},"methods":["initOwnerBinder(WebDataBinder)"],"written_variables":{},"Subgraph":{"method_call_details_1":{"method_1":"initOwnerBinder(WebDataBinder)"}},"caller_classes":[],"called_classes":[],"read_variables":{}},"Subgraph2":{"relocate_to":{},"methods":["initPetBinder(WebDataBinder)"],"written_variables":{},"Subgraph":{"method_call_details_1":{"method_1":"initPetBinder(WebDataBinder)"}},"caller_classes":[],"called_classes":[],"read_variables":{}}}},"VetController1":{"cluster":"PetController_service","classname":"VetController","subgraphs":{"Subgraph1":{"relocate_to":{},"methods":["showVetList(Map)","showResourcesVetList()"],"written_variables":{"vets_VetController":{"field":"vets","class":"VetController"}},"Subgraph":{"method_call_details_1":{"method_1":"showVetList(Map)","calls_1":{"VetRepository_findAll()":{"method":"findAll()","class":"VetRepository","cluster":"Unassigned_group_service"},"Vets_getVetList()":{"method":"getVetList()","class":"Vets","cluster":"PetController_service"}}},"method_call_details_2":{"method_2":"showResourcesVetList()","calls_2":{"VetRepository_findAll()":{"method":"findAll()","class":"VetRepository","cluster":"Unassigned_group_service"},"Vets_getVetList()":{"method":"getVetList()","class":"Vets","cluster":"PetController_service"}}}},"caller_classes":[],"called_classes":["VetRepository","Vets"],"read_variables":{"vets_VetController":{"field":"vets","class":"VetController"}}}}},"Vet7":{"cluster":"PetController_service","classname":"Vet","subgraphs":{"Subgraph1":{"relocate_to":{"cluster":"","class":"ClinicServiceTests"},"methods":["getNrOfSpecialties()","getSpecialties()","setSpecialtiesInternal(Set)","getSpecialtiesInternal()","addSpecialty(Specialty)"],"written_variables":{"specialties_Vet":{"field":"specialties","class":"Vet"}},"Subgraph":{"method_call_details_1":{"method_1":"getNrOfSpecialties()","called_by_1":{"ClinicServiceTests_shouldFindVets()":{"method":"shouldFindVets()","class":"ClinicServiceTests"}}},"method_call_details_2":{"method_2":"getSpecialties()","called_by_2":{"ClinicServiceTests_shouldFindVets()":{"method":"shouldFindVets()","class":"ClinicServiceTests"}}},"method_call_details_3":{"method_3":"setSpecialtiesInternal(Set)"},"method_call_details_4":{"method_4":"getSpecialtiesInternal()"},"method_call_details_5":{"method_5":"addSpecialty(Specialty)","called_by_5":{"VetControllerTests_setup()":{"method":"setup()","class":"VetControllerTests"}}}},"caller_classes":["ClinicServiceTests","VetControllerTests"],"called_classes":[],"read_variables":{"specialties_Vet":{"field":"specialties","class":"Vet"}}}}},"CacheConfiguration18":{"cluster":"","classname":"CacheConfiguration","subgraphs":{"Subgraph1":{"relocate_to":{},"methods":["petclinicCacheConfigurationCustomizer()","cacheConfiguration()"],"written_variables":{},"Subgraph":{"method_call_details_1":{"method_1":"petclinicCacheConfigurationCustomizer()"},"method_call_details_2":{"method_2":"cacheConfiguration()"}},"caller_classes":[],"called_classes":[],"read_variables":{}}}},"ValidatorTests26":{"cluster":"","classname":"ValidatorTests","subgraphs":{"Subgraph1":{"relocate_to":{},"methods":["shouldNotValidateWhenFirstNameEmpty()","createValidator()"],"written_variables":{"ENGLISH_Locale":{"field":"ENGLISH","class":"Locale"}},"Subgraph":{"method_call_details_1":{"method_1":"shouldNotValidateWhenFirstNameEmpty()","calls_1":{"Person_setFirstName(String)":{"method":"setFirstName(String)","class":"Person","cluster":"PetController_service"},"Person_setLastName(String)":{"method":"setLastName(String)","class":"Person","cluster":"PetController_service"}}},"method_call_details_2":{"method_2":"createValidator()"}},"caller_classes":[],"called_classes":["Person"],"read_variables":{"ENGLISH_Locale":{"field":"ENGLISH","class":"Locale"}}}}},"null31":{"cluster":"","classname":null,"subgraphs":{}}}}