{"clusters": [{"type": "microservices_group", "label": "0", "id": "16301677696916449497448448", "nodes": ["4", "11", "12", "14", "15", "17", "19", "20", "21", "22", "28"]}, {"type": "microservices_group", "label": "1", "id": "16301677696916629886074880", "nodes": ["1"]}, {"type": "microservices_group", "label": "2", "id": "16301677696916698605551616", "nodes": ["0"]}, {"type": "microservices_group", "label": "3", "id": "16301677696916821012119552", "nodes": ["2", "3", "5", "6", "7", "8", "9", "10", "13", "16", "18", "23", "24", "25", "26", "27", "29"]}], "edges": [{"type": "inter_class_connections", "weight": "1", "relationship": [{"id": "0_1", "properties": {"start": "0", "end": "1"}, "frequency": "1"}, {"id": "0_6", "properties": {"start": "0", "end": "6"}, "frequency": "1"}, {"id": "0_12", "properties": {"start": "0", "end": "12"}, "frequency": "1"}, {"id": "0_13", "properties": {"start": "0", "end": "13"}, "frequency": "1"}, {"id": "7_18", "properties": {"start": "7", "end": "18"}, "frequency": "1"}, {"id": "7_20", "properties": {"start": "7", "end": "20"}, "frequency": "1"}, {"id": "8_4", "properties": {"start": "8", "end": "4"}, "frequency": "1"}, {"id": "8_14", "properties": {"start": "8", "end": "14"}, "frequency": "1"}, {"id": "8_19", "properties": {"start": "8", "end": "19"}, "frequency": "1"}, {"id": "8_29", "properties": {"start": "8", "end": "29"}, "frequency": "1"}, {"id": "9_0", "properties": {"start": "9", "end": "0"}, "frequency": "1"}, {"id": "9_2", "properties": {"start": "9", "end": "2"}, "frequency": "1"}, {"id": "9_3", "properties": {"start": "9", "end": "3"}, "frequency": "1"}, {"id": "9_13", "properties": {"start": "9", "end": "13"}, "frequency": "1"}, {"id": "9_19", "properties": {"start": "9", "end": "19"}, "frequency": "1"}, {"id": "9_28", "properties": {"start": "9", "end": "28"}, "frequency": "1"}, {"id": "11_0", "properties": {"start": "11", "end": "0"}, "frequency": "1"}, {"id": "11_1", "properties": {"start": "11", "end": "1"}, "frequency": "1"}, {"id": "11_2", "properties": {"start": "11", "end": "2"}, "frequency": "1"}, {"id": "11_10", "properties": {"start": "11", "end": "10"}, "frequency": "1"}, {"id": "11_15", "properties": {"start": "11", "end": "15"}, "frequency": "1"}, {"id": "11_29", "properties": {"start": "11", "end": "29"}, "frequency": "1"}, {"id": "23_0", "properties": {"start": "23", "end": "0"}, "frequency": "1"}, {"id": "23_6", "properties": {"start": "23", "end": "6"}, "frequency": "1"}, {"id": "23_12", "properties": {"start": "23", "end": "12"}, "frequency": "1"}, {"id": "23_13", "properties": {"start": "23", "end": "13"}, "frequency": "1"}, {"id": "23_17", "properties": {"start": "23", "end": "17"}, "frequency": "1"}, {"id": "23_19", "properties": {"start": "23", "end": "19"}, "frequency": "1"}, {"id": "23_24", "properties": {"start": "23", "end": "24"}, "frequency": "1"}, {"id": "25_0", "properties": {"start": "25", "end": "0"}, "frequency": "1"}, {"id": "25_2", "properties": {"start": "25", "end": "2"}, "frequency": "1"}, {"id": "25_9", "properties": {"start": "25", "end": "9"}, "frequency": "1"}, {"id": "25_13", "properties": {"start": "25", "end": "13"}, "frequency": "1"}, {"id": "25_15", "properties": {"start": "25", "end": "15"}, "frequency": "1"}, {"id": "25_19", "properties": {"start": "25", "end": "19"}, "frequency": "1"}, {"id": "25_21", "properties": {"start": "25", "end": "21"}, "frequency": "1"}, {"id": "25_23", "properties": {"start": "25", "end": "23"}, "frequency": "1"}, {"id": "25_28", "properties": {"start": "25", "end": "28"}, "frequency": "1"}, {"id": "25_29", "properties": {"start": "25", "end": "29"}, "frequency": "1"}, {"id": "26_0", "properties": {"start": "26", "end": "0"}, "frequency": "1"}, {"id": "26_2", "properties": {"start": "26", "end": "2"}, "frequency": "1"}, {"id": "26_5", "properties": {"start": "26", "end": "5"}, "frequency": "1"}, {"id": "26_10", "properties": {"start": "26", "end": "10"}, "frequency": "1"}, {"id": "26_13", "properties": {"start": "26", "end": "13"}, "frequency": "1"}, {"id": "26_15", "properties": {"start": "26", "end": "15"}, "frequency": "1"}, {"id": "26_21", "properties": {"start": "26", "end": "21"}, "frequency": "1"}, {"id": "26_22", "properties": {"start": "26", "end": "22"}, "frequency": "1"}, {"id": "26_23", "properties": {"start": "26", "end": "23"}, "frequency": "1"}, {"id": "26_24", "properties": {"start": "26", "end": "24"}, "frequency": "1"}, {"id": "27_6", "properties": {"start": "27", "end": "6"}, "frequency": "1"}, {"id": "27_12", "properties": {"start": "27", "end": "12"}, "frequency": "1"}]}, {"type": "resource_relatedness", "weight": "1", "relationship": []}], "nodes": [{"entity_type": "class", "label": "org.springframework.samples.petclinic.owner.Pet", "id": "0"}, {"entity_type": "class", "label": "org.springframework.samples.petclinic.visit.Visit", "id": "1"}, {"entity_type": "class", "label": "org.springframework.validation.Errors", "id": "2"}, {"entity_type": "class", "label": "org.springframework.validation.Validator", "id": "3"}, {"entity_type": "class", "label": "org.springframework.format.Printer", "id": "4"}, {"entity_type": "class", "label": "org.springframework.ui.Model", "id": "5"}, {"entity_type": "class", "label": "org.springframework.beans.support.PropertyComparator", "id": "6"}, {"entity_type": "class", "label": "org.springframework.samples.petclinic.vet.VetController", "id": "7"}, {"entity_type": "class", "label": "org.springframework.samples.petclinic.owner.PetTypeFormatter", "id": "8"}, {"entity_type": "class", "label": "org.springframework.samples.petclinic.owner.PetValidator", "id": "9"}, {"entity_type": "class", "label": "org.springframework.samples.petclinic.visit.VisitRepository", "id": "10"}, {"entity_type": "class", "label": "org.springframework.samples.petclinic.owner.VisitController", "id": "11"}, {"entity_type": "class", "label": "org.springframework.beans.support.MutableSortDefinition", "id": "12"}, {"entity_type": "class", "label": "org.springframework.samples.petclinic.model.BaseEntity", "id": "13"}, {"entity_type": "class", "label": "org.springframework.format.Parser", "id": "14"}, {"entity_type": "class", "label": "org.springframework.validation.DataBinder", "id": "15"}, {"entity_type": "class", "label": "org.springframework.samples.petclinic.PetClinicApplication", "id": "16"}, {"entity_type": "class", "label": "org.springframework.core.style.ToStringCreator", "id": "17"}, {"entity_type": "class", "label": "org.springframework.samples.petclinic.vet.Vets", "id": "18"}, {"entity_type": "class", "label": "org.springframework.samples.petclinic.model.NamedEntity", "id": "19"}, {"entity_type": "class", "label": "org.springframework.samples.petclinic.vet.VetRepository", "id": "20"}, {"entity_type": "class", "label": "org.springframework.samples.petclinic.owner.OwnerRepository", "id": "21"}, {"entity_type": "class", "label": "org.springframework.web.servlet.ModelAndView", "id": "22"}, {"entity_type": "class", "label": "org.springframework.samples.petclinic.owner.Owner", "id": "23"}, {"entity_type": "class", "label": "org.springframework.samples.petclinic.model.Person", "id": "24"}, {"entity_type": "class", "label": "org.springframework.samples.petclinic.owner.PetController", "id": "25"}, {"entity_type": "class", "label": "org.springframework.samples.petclinic.owner.OwnerController", "id": "26"}, {"entity_type": "class", "label": "org.springframework.samples.petclinic.vet.Vet", "id": "27"}, {"entity_type": "class", "label": "org.springframework.util.StringUtils", "id": "28"}, {"entity_type": "class", "label": "org.springframework.samples.petclinic.owner.PetRepository", "id": "29"}]}