{"all":{"QuoteData":{"Subgraph1":{"relocate_to":{"cluster":"TradeServlet_service","class":"QuoteJSF"},"methods":["setRange(String)","getGainHTML()","setSymbol(String)","setHigh(BigDecimal)","setGainPercent(BigDecimal)","getChangeHTML()","getCompanyName()","setGain(BigDecimal)","setVolume(double)","getRange()","getPrice()","setOpen(BigDecimal)","getGain()","setChange(double)","getOpen()","getLow()","getChange()","getHigh()","setPrice(BigDecimal)","getSymbol()","getGainPercent()","getGainPercentHTML()","setLow(BigDecimal)","setCompanyName(String)","getVolume()"],"written_variables":{"range_QuoteData":{"field":"range","class":"QuoteData"},"price_QuoteData":{"field":"price","class":"QuoteData"},"high_QuoteData":{"field":"high","class":"QuoteData"},"volume_QuoteData":{"field":"volume","class":"QuoteData"},"symbol_QuoteData":{"field":"symbol","class":"QuoteData"},"companyName_QuoteData":{"field":"companyName","class":"QuoteData"},"change_QuoteData":{"field":"change","class":"QuoteData"},"gain_QuoteData":{"field":"gain","class":"QuoteData"},"open_QuoteData":{"field":"open","class":"QuoteData"},"low_QuoteData":{"field":"low","class":"QuoteData"},"gainPercent_QuoteData":{"field":"gainPercent","class":"QuoteData"}},"Subgraph":{"method_call_details_1":{"method_1":"setRange(String)"},"method_call_details_2":{"method_2":"getGainHTML()","calls_2":{"FinancialUtils_printGainHTML(BigDecimal)":{"method":"printGainHTML(BigDecimal)","class":"FinancialUtils","cluster":"Utility_group_service"}}},"method_call_details_3":{"method_3":"setSymbol(String)"},"method_call_details_4":{"method_4":"setHigh(BigDecimal)"},"method_call_details_5":{"method_5":"setGainPercent(BigDecimal)"},"method_call_details_6":{"method_6":"getChangeHTML()"},"method_call_details_7":{"method_7":"getCompanyName()"},"method_call_details_8":{"method_8":"setGain(BigDecimal)"},"method_call_details_9":{"method_9":"setVolume(double)"},"method_call_details_10":{"method_10":"getRange()"},"method_call_details_11":{"method_11":"getPrice()"},"method_call_details_12":{"method_12":"setOpen(BigDecimal)"},"method_call_details_13":{"method_13":"getGain()"},"method_call_details_14":{"method_14":"setChange(double)"},"method_call_details_15":{"method_15":"getOpen()"},"method_call_details_16":{"method_16":"getLow()"},"method_call_details_17":{"method_17":"getChange()"},"method_call_details_18":{"method_18":"getHigh()"},"method_call_details_19":{"method_19":"setPrice(BigDecimal)"},"method_call_details_20":{"method_20":"getSymbol()","called_by_20":{"QuoteJSF_buy()":{"method":"buy()","class":"QuoteJSF","cluster":"TradeServlet_service"}}},"method_call_details_21":{"method_21":"getGainPercent()"},"method_call_details_22":{"method_22":"getGainPercentHTML()","calls_22":{"FinancialUtils_printGainPercentHTML(BigDecimal)":{"method":"printGainPercentHTML(BigDecimal)","class":"FinancialUtils","cluster":"Utility_group_service"}}},"method_call_details_23":{"method_23":"setLow(BigDecimal)"},"method_call_details_24":{"method_24":"setCompanyName(String)"},"method_call_details_25":{"method_25":"getVolume()"}},"caller_classes":["QuoteJSF"],"called_classes":["FinancialUtils"],"read_variables":{"range_QuoteData":{"field":"range","class":"QuoteData"},"price_QuoteData":{"field":"price","class":"QuoteData"},"high_QuoteData":{"field":"high","class":"QuoteData"},"volume_QuoteData":{"field":"volume","class":"QuoteData"},"symbol_QuoteData":{"field":"symbol","class":"QuoteData"},"companyName_QuoteData":{"field":"companyName","class":"QuoteData"},"change_QuoteData":{"field":"change","class":"QuoteData"},"gain_QuoteData":{"field":"gain","class":"QuoteData"},"open_QuoteData":{"field":"open","class":"QuoteData"},"low_QuoteData":{"field":"low","class":"QuoteData"},"gainPercent_QuoteData":{"field":"gainPercent","class":"QuoteData"}}}},"HoldingData":{"Subgraph1":{"relocate_to":{"cluster":"TradeServlet_service","class":"PortfolioJSF"},"methods":["setPurchasePrice(BigDecimal)","getPurchasePrice()"],"written_variables":{"purchasePrice_HoldingData":{"field":"purchasePrice","class":"HoldingData"}},"Subgraph":{"method_call_details_1":{"method_1":"setPurchasePrice(BigDecimal)","called_by_1":{"PortfolioJSF_getPortfolio()":{"method":"getPortfolio()","class":"PortfolioJSF","cluster":"TradeServlet_service"}}},"method_call_details_2":{"method_2":"getPurchasePrice()"}},"caller_classes":["PortfolioJSF"],"called_classes":[],"read_variables":{"purchasePrice_HoldingData":{"field":"purchasePrice","class":"HoldingData"}}},"Subgraph5":{"relocate_to":{"cluster":"TradeServlet_service","class":"PortfolioJSF"},"methods":["getPrice()","setPrice(BigDecimal)"],"written_variables":{"price_HoldingData":{"field":"price","class":"HoldingData"}},"Subgraph":{"method_call_details_1":{"method_1":"getPrice()"},"method_call_details_2":{"method_2":"setPrice(BigDecimal)","called_by_2":{"PortfolioJSF_getPortfolio()":{"method":"getPortfolio()","class":"PortfolioJSF","cluster":"TradeServlet_service"}}}},"caller_classes":["PortfolioJSF"],"called_classes":[],"read_variables":{"price_HoldingData":{"field":"price","class":"HoldingData"}}},"Subgraph4":{"relocate_to":{"cluster":"TradeServlet_service","class":"PortfolioJSF"},"methods":["getBasis()","setBasis(BigDecimal)"],"written_variables":{"basis_HoldingData":{"field":"basis","class":"HoldingData"}},"Subgraph":{"method_call_details_1":{"method_1":"getBasis()"},"method_call_details_2":{"method_2":"setBasis(BigDecimal)","called_by_2":{"PortfolioJSF_getPortfolio()":{"method":"getPortfolio()","class":"PortfolioJSF","cluster":"TradeServlet_service"}}}},"caller_classes":["PortfolioJSF"],"called_classes":[],"read_variables":{"basis_HoldingData":{"field":"basis","class":"HoldingData"}}},"Subgraph3":{"relocate_to":{"cluster":"TradeServlet_service","class":"PortfolioJSF"},"methods":["getMarketValue()","setMarketValue(BigDecimal)"],"written_variables":{"marketValue_HoldingData":{"field":"marketValue","class":"HoldingData"}},"Subgraph":{"method_call_details_1":{"method_1":"getMarketValue()"},"method_call_details_2":{"method_2":"setMarketValue(BigDecimal)","called_by_2":{"PortfolioJSF_getPortfolio()":{"method":"getPortfolio()","class":"PortfolioJSF","cluster":"TradeServlet_service"}}}},"caller_classes":["PortfolioJSF"],"called_classes":[],"read_variables":{"marketValue_HoldingData":{"field":"marketValue","class":"HoldingData"}}},"Subgraph2":{"relocate_to":{"cluster":"TradeServlet_service","class":"PortfolioJSF"},"methods":["getHoldingID()","setHoldingID(Integer)"],"written_variables":{"holdingID_HoldingData":{"field":"holdingID","class":"HoldingData"}},"Subgraph":{"method_call_details_1":{"method_1":"getHoldingID()","called_by_1":{"PortfolioJSF_sell()":{"method":"sell()","class":"PortfolioJSF","cluster":"TradeServlet_service"}}},"method_call_details_2":{"method_2":"setHoldingID(Integer)","called_by_2":{"PortfolioJSF_getPortfolio()":{"method":"getPortfolio()","class":"PortfolioJSF","cluster":"TradeServlet_service"}}}},"caller_classes":["PortfolioJSF"],"called_classes":[],"read_variables":{"holdingID_HoldingData":{"field":"holdingID","class":"HoldingData"}}},"Subgraph9":{"relocate_to":{"cluster":"TradeServlet_service","class":"PortfolioJSF"},"methods":["getGain()","getGainHTML()","setGain(BigDecimal)"],"written_variables":{"gain_HoldingData":{"field":"gain","class":"HoldingData"}},"Subgraph":{"method_call_details_1":{"method_1":"getGain()"},"method_call_details_2":{"method_2":"getGainHTML()","calls_2":{"FinancialUtils_printGainHTML(BigDecimal)":{"method":"printGainHTML(BigDecimal)","class":"FinancialUtils","cluster":"Utility_group_service"}}},"method_call_details_3":{"method_3":"setGain(BigDecimal)","called_by_3":{"PortfolioJSF_getPortfolio()":{"method":"getPortfolio()","class":"PortfolioJSF","cluster":"TradeServlet_service"}}}},"caller_classes":["PortfolioJSF"],"called_classes":["FinancialUtils"],"read_variables":{"gain_HoldingData":{"field":"gain","class":"HoldingData"}}},"Subgraph8":{"relocate_to":{"cluster":"TradeServlet_service","class":"PortfolioJSF"},"methods":["setQuoteID(String)","getQuoteID()"],"written_variables":{"quoteID_HoldingData":{"field":"quoteID","class":"HoldingData"}},"Subgraph":{"method_call_details_1":{"method_1":"setQuoteID(String)","called_by_1":{"PortfolioJSF_getPortfolio()":{"method":"getPortfolio()","class":"PortfolioJSF","cluster":"TradeServlet_service"}}},"method_call_details_2":{"method_2":"getQuoteID()"}},"caller_classes":["PortfolioJSF"],"called_classes":[],"read_variables":{"quoteID_HoldingData":{"field":"quoteID","class":"HoldingData"}}},"Subgraph7":{"relocate_to":{"cluster":"TradeServlet_service","class":"PortfolioJSF"},"methods":["getQuantity()","setQuantity(double)"],"written_variables":{"quantity_HoldingData":{"field":"quantity","class":"HoldingData"}},"Subgraph":{"method_call_details_1":{"method_1":"getQuantity()"},"method_call_details_2":{"method_2":"setQuantity(double)","called_by_2":{"PortfolioJSF_getPortfolio()":{"method":"getPortfolio()","class":"PortfolioJSF","cluster":"TradeServlet_service"}}}},"caller_classes":["PortfolioJSF"],"called_classes":[],"read_variables":{"quantity_HoldingData":{"field":"quantity","class":"HoldingData"}}},"Subgraph6":{"relocate_to":{"cluster":"TradeServlet_service","class":"PortfolioJSF"},"methods":["getPurchaseDate()","setPurchaseDate(Date)"],"written_variables":{"purchaseDate_HoldingData":{"field":"purchaseDate","class":"HoldingData"}},"Subgraph":{"method_call_details_1":{"method_1":"getPurchaseDate()"},"method_call_details_2":{"method_2":"setPurchaseDate(Date)","called_by_2":{"PortfolioJSF_getPortfolio()":{"method":"getPortfolio()","class":"PortfolioJSF","cluster":"TradeServlet_service"}}}},"caller_classes":["PortfolioJSF"],"called_classes":[],"read_variables":{"purchaseDate_HoldingData":{"field":"purchaseDate","class":"HoldingData"}}}},"MarketSummarySingleton":{"Subgraph1":{"relocate_to":{"cluster":"SessionEntity_service","class":"TradeSLSBBean"},"methods":["setup()","updateMarketSummary()","setMarketSummaryDataBean(MarketSummaryDataBean)","getMarketSummaryDataBean()"],"written_variables":{"ROUND_FinancialUtils":{"field":"ROUND","class":"FinancialUtils"},"ZERO_FinancialUtils":{"field":"ZERO","class":"FinancialUtils"},"WRITE_LockType":{"field":"WRITE","class":"LockType"},"READ_LockType":{"field":"READ","class":"LockType"},"class_QuoteDataBean":{"field":"class","class":"QuoteDataBean"},"length_QuoteDataBean":{"field":"length","class":"QuoteDataBean"},"marketSummaryDataBean_MarketSummarySingleton":{"field":"marketSummaryDataBean","class":"MarketSummarySingleton"},"EJB3_TradeConfig":{"field":"EJB3","class":"TradeConfig"},"i++_MarketSummarySingleton":{"field":"i++","class":"MarketSummarySingleton"},"i--_MarketSummarySingleton":{"field":"i--","class":"MarketSummarySingleton"}},"Subgraph":{"method_call_details_1":{"method_1":"setup()"},"method_call_details_2":{"method_2":"updateMarketSummary()","calls_2":{"QuoteDataBean_getPrice()":{"method":"getPrice()","class":"QuoteDataBean","cluster":"Unassigned_group_service"},"Log_debug(String)":{"method":"debug(String)","class":"Log","cluster":"Utility_group_service"},"Log_trace(String)":{"method":"trace(String)","class":"Log","cluster":"Utility_group_service"},"QuoteDataBean_getVolume()":{"method":"getVolume()","class":"QuoteDataBean","cluster":"Unassigned_group_service"},"Log_doTrace()":{"method":"doTrace()","class":"Log","cluster":"Utility_group_service"},"TradeConfig_getRunTimeMode()":{"method":"getRunTimeMode()","class":"TradeConfig","cluster":"Utility_group_service"},"QuoteDataBean_getOpen()":{"method":"getOpen()","class":"QuoteDataBean","cluster":"Unassigned_group_service"}}},"method_call_details_3":{"method_3":"setMarketSummaryDataBean(MarketSummaryDataBean)"},"method_call_details_4":{"method_4":"getMarketSummaryDataBean()","called_by_4":{"TradeSLSBBean_getMarketSummary()":{"method":"getMarketSummary()","class":"TradeSLSBBean","cluster":"SessionEntity_service"}}}},"caller_classes":["TradeSLSBBean"],"called_classes":["QuoteDataBean","Log","TradeConfig"],"read_variables":{"ROUND_FinancialUtils":{"field":"ROUND","class":"FinancialUtils"},"ZERO_FinancialUtils":{"field":"ZERO","class":"FinancialUtils"},"WRITE_LockType":{"field":"WRITE","class":"LockType"},"READ_LockType":{"field":"READ","class":"LockType"},"class_QuoteDataBean":{"field":"class","class":"QuoteDataBean"},"length_QuoteDataBean":{"field":"length","class":"QuoteDataBean"},"marketSummaryDataBean_MarketSummarySingleton":{"field":"marketSummaryDataBean","class":"MarketSummarySingleton"},"EJB3_TradeConfig":{"field":"EJB3","class":"TradeConfig"},"i++_MarketSummarySingleton":{"field":"i++","class":"MarketSummarySingleton"},"i--_MarketSummarySingleton":{"field":"i--","class":"MarketSummarySingleton"}}}},"Log":{"Subgraph2":{"relocate_to":{"cluster":"ConfigJSF_service","class":"TradeConfigServlet"},"methods":["setTrace(boolean)"],"written_variables":{},"Subgraph":{"method_call_details_1":{"method_1":"setTrace(boolean)","calls_1":{"TradeConfig_setTrace(boolean)":{"method":"setTrace(boolean)","class":"TradeConfig","cluster":"Utility_group_service"}},"called_by_1":{"TradeConfigJSF_updateConfig()":{"method":"updateConfig()","class":"TradeConfigJSF","cluster":"ConfigJSF_service"},"TradeConfigServlet_doConfigUpdate(HttpServletRequest, HttpServletResponse)":{"method":"doConfigUpdate(HttpServletRequest, HttpServletResponse)","class":"TradeConfigServlet","cluster":"ConfigJSF_service"}}}},"caller_classes":["TradeConfigJSF","TradeConfigServlet"],"called_classes":["TradeConfig"],"read_variables":{}},"Subgraph8":{"relocate_to":{"cluster":"ConfigJSF_service","class":"TradeConfigServlet"},"methods":["setActionTrace(boolean)"],"written_variables":{},"Subgraph":{"method_call_details_1":{"method_1":"setActionTrace(boolean)","calls_1":{"TradeConfig_setActionTrace(boolean)":{"method":"setActionTrace(boolean)","class":"TradeConfig","cluster":"Utility_group_service"}},"called_by_1":{"TradeConfigJSF_updateConfig()":{"method":"updateConfig()","class":"TradeConfigJSF","cluster":"ConfigJSF_service"},"TradeConfigServlet_doConfigUpdate(HttpServletRequest, HttpServletResponse)":{"method":"doConfigUpdate(HttpServletRequest, HttpServletResponse)","class":"TradeConfigServlet","cluster":"ConfigJSF_service"}}}},"caller_classes":["TradeConfigJSF","TradeConfigServlet"],"called_classes":["TradeConfig"],"read_variables":{}}},"RunStatsDataBean":{"Subgraph1":{"relocate_to":{"cluster":"SessionEntity_service","class":"TradeDirect"},"methods":["getTradeUserCount()","setBuyOrderCount(int)","setDeletedOrderCount(int)","setTradeUserCount(int)","getBuyOrderCount()","getOrderCount()","getOpenOrderCount()","getNewUserCount()","setOpenOrderCount(int)","setTradeStockCount(int)","setSumLoginCount(int)","setHoldingCount(int)","getCancelledOrderCount()","setSellOrderCount(int)","toString()","getTradeStockCount()","getDeletedOrderCount()","getSumLogoutCount()","setNewUserCount(int)","setOrderCount(int)","getSumLoginCount()","setCancelledOrderCount(int)","setSumLogoutCount(int)","getHoldingCount()","getSellOrderCount()"],"written_variables":{"holdingCount_RunStatsDataBean":{"field":"holdingCount","class":"RunStatsDataBean"},"sumLogoutCount_RunStatsDataBean":{"field":"sumLogoutCount","class":"RunStatsDataBean"},"openOrderCount_RunStatsDataBean":{"field":"openOrderCount","class":"RunStatsDataBean"},"sellOrderCount_RunStatsDataBean":{"field":"sellOrderCount","class":"RunStatsDataBean"},"tradeStockCount_RunStatsDataBean":{"field":"tradeStockCount","class":"RunStatsDataBean"},"deletedOrderCount_RunStatsDataBean":{"field":"deletedOrderCount","class":"RunStatsDataBean"},"buyOrderCount_RunStatsDataBean":{"field":"buyOrderCount","class":"RunStatsDataBean"},"cancelledOrderCount_RunStatsDataBean":{"field":"cancelledOrderCount","class":"RunStatsDataBean"},"orderCount_RunStatsDataBean":{"field":"orderCount","class":"RunStatsDataBean"},"newUserCount_RunStatsDataBean":{"field":"newUserCount","class":"RunStatsDataBean"},"sumLoginCount_RunStatsDataBean":{"field":"sumLoginCount","class":"RunStatsDataBean"},"tradeUserCount_RunStatsDataBean":{"field":"tradeUserCount","class":"RunStatsDataBean"}},"Subgraph":{"method_call_details_1":{"method_1":"getTradeUserCount()"},"method_call_details_2":{"method_2":"setBuyOrderCount(int)","called_by_2":{"TradeDirect_resetTrade(boolean)":{"method":"resetTrade(boolean)","class":"TradeDirect","cluster":"SessionEntity_service"}}},"method_call_details_3":{"method_3":"setDeletedOrderCount(int)","called_by_3":{"TradeDirect_resetTrade(boolean)":{"method":"resetTrade(boolean)","class":"TradeDirect","cluster":"SessionEntity_service"}}},"method_call_details_4":{"method_4":"setTradeUserCount(int)","called_by_4":{"TradeDirect_resetTrade(boolean)":{"method":"resetTrade(boolean)","class":"TradeDirect","cluster":"SessionEntity_service"}}},"method_call_details_5":{"method_5":"getBuyOrderCount()"},"method_call_details_6":{"method_6":"getOrderCount()"},"method_call_details_7":{"method_7":"getOpenOrderCount()"},"method_call_details_8":{"method_8":"getNewUserCount()"},"method_call_details_9":{"method_9":"setOpenOrderCount(int)","called_by_9":{"TradeDirect_resetTrade(boolean)":{"method":"resetTrade(boolean)","class":"TradeDirect","cluster":"SessionEntity_service"}}},"method_call_details_10":{"method_10":"setTradeStockCount(int)","called_by_10":{"TradeDirect_resetTrade(boolean)":{"method":"resetTrade(boolean)","class":"TradeDirect","cluster":"SessionEntity_service"}}},"method_call_details_11":{"method_11":"setSumLoginCount(int)","called_by_11":{"TradeDirect_resetTrade(boolean)":{"method":"resetTrade(boolean)","class":"TradeDirect","cluster":"SessionEntity_service"}}},"method_call_details_12":{"method_12":"setHoldingCount(int)","called_by_12":{"TradeDirect_resetTrade(boolean)":{"method":"resetTrade(boolean)","class":"TradeDirect","cluster":"SessionEntity_service"}}},"method_call_details_13":{"method_13":"getCancelledOrderCount()"},"method_call_details_14":{"method_14":"setSellOrderCount(int)","called_by_14":{"TradeDirect_resetTrade(boolean)":{"method":"resetTrade(boolean)","class":"TradeDirect","cluster":"SessionEntity_service"}}},"method_call_details_15":{"method_15":"toString()"},"method_call_details_16":{"method_16":"getTradeStockCount()"},"method_call_details_17":{"method_17":"getDeletedOrderCount()"},"method_call_details_18":{"method_18":"getSumLogoutCount()"},"method_call_details_19":{"method_19":"setNewUserCount(int)","called_by_19":{"TradeDirect_resetTrade(boolean)":{"method":"resetTrade(boolean)","class":"TradeDirect","cluster":"SessionEntity_service"}}},"method_call_details_20":{"method_20":"setOrderCount(int)","called_by_20":{"TradeDirect_resetTrade(boolean)":{"method":"resetTrade(boolean)","class":"TradeDirect","cluster":"SessionEntity_service"}}},"method_call_details_21":{"method_21":"getSumLoginCount()"},"method_call_details_22":{"method_22":"setCancelledOrderCount(int)","called_by_22":{"TradeDirect_resetTrade(boolean)":{"method":"resetTrade(boolean)","class":"TradeDirect","cluster":"SessionEntity_service"}}},"method_call_details_23":{"method_23":"setSumLogoutCount(int)","called_by_23":{"TradeDirect_resetTrade(boolean)":{"method":"resetTrade(boolean)","class":"TradeDirect","cluster":"SessionEntity_service"}}},"method_call_details_24":{"method_24":"getHoldingCount()"},"method_call_details_25":{"method_25":"getSellOrderCount()"}},"caller_classes":["TradeDirect"],"called_classes":[],"read_variables":{"holdingCount_RunStatsDataBean":{"field":"holdingCount","class":"RunStatsDataBean"},"sumLogoutCount_RunStatsDataBean":{"field":"sumLogoutCount","class":"RunStatsDataBean"},"openOrderCount_RunStatsDataBean":{"field":"openOrderCount","class":"RunStatsDataBean"},"sellOrderCount_RunStatsDataBean":{"field":"sellOrderCount","class":"RunStatsDataBean"},"tradeStockCount_RunStatsDataBean":{"field":"tradeStockCount","class":"RunStatsDataBean"},"deletedOrderCount_RunStatsDataBean":{"field":"deletedOrderCount","class":"RunStatsDataBean"},"buyOrderCount_RunStatsDataBean":{"field":"buyOrderCount","class":"RunStatsDataBean"},"cancelledOrderCount_RunStatsDataBean":{"field":"cancelledOrderCount","class":"RunStatsDataBean"},"orderCount_RunStatsDataBean":{"field":"orderCount","class":"RunStatsDataBean"},"newUserCount_RunStatsDataBean":{"field":"newUserCount","class":"RunStatsDataBean"},"sumLoginCount_RunStatsDataBean":{"field":"sumLoginCount","class":"RunStatsDataBean"},"tradeUserCount_RunStatsDataBean":{"field":"tradeUserCount","class":"RunStatsDataBean"}}}},"KeySequenceDirect":{"Subgraph1":{"relocate_to":{"cluster":"SessionEntity_service","class":"TradeDirect"},"methods":["getNextID(Connection, String, boolean, boolean)","allocNewBlock(Connection, String, boolean, boolean)"],"written_variables":{"getKeyForUpdateSQL_KeySequenceDirect":{"field":"getKeyForUpdateSQL","class":"KeySequenceDirect"},"updateKeyValueSQL_KeySequenceDirect":{"field":"updateKeyValueSQL","class":"KeySequenceDirect"},"createKeySQL_KeySequenceDirect":{"field":"createKeySQL","class":"KeySequenceDirect"},"KEYBLOCKSIZE_TradeConfig":{"field":"KEYBLOCKSIZE","class":"TradeConfig"}},"Subgraph":{"method_call_details_1":{"method_1":"getNextID(Connection, String, boolean, boolean)","calls_1":{"Log_trace(String)":{"method":"trace(String)","class":"Log","cluster":"Utility_group_service"},"Log_doTrace()":{"method":"doTrace()","class":"Log","cluster":"Utility_group_service"}},"called_by_1":{"TradeDirect_createHolding(Connection, int, String, double, BigDecimal)":{"method":"createHolding(Connection, int, String, double, BigDecimal)","class":"TradeDirect","cluster":"SessionEntity_service"},"TradeDirect_register(String, String, String, String, String, String, BigDecimal)":{"method":"register(String, String, String, String, String, String, BigDecimal)","class":"TradeDirect","cluster":"SessionEntity_service"},"TradeDirect_createOrder(Connection, AccountDataBean, QuoteDataBean, HoldingDataBean, String, double)":{"method":"createOrder(Connection, AccountDataBean, QuoteDataBean, HoldingDataBean, String, double)","class":"TradeDirect","cluster":"SessionEntity_service"}}},"method_call_details_2":{"method_2":"allocNewBlock(Connection, String, boolean, boolean)","calls_2":{"Log_error(Throwable, String)":{"method":"error(Throwable, String)","class":"Log","cluster":"Utility_group_service"}}}},"caller_classes":["TradeDirect"],"called_classes":["Log"],"read_variables":{"getKeyForUpdateSQL_KeySequenceDirect":{"field":"getKeyForUpdateSQL","class":"KeySequenceDirect"},"updateKeyValueSQL_KeySequenceDirect":{"field":"updateKeyValueSQL","class":"KeySequenceDirect"},"createKeySQL_KeySequenceDirect":{"field":"createKeySQL","class":"KeySequenceDirect"},"KEYBLOCKSIZE_TradeConfig":{"field":"KEYBLOCKSIZE","class":"TradeConfig"}}}},"TradeServletAction":{"Subgraph1":{"relocate_to":{"cluster":"Unassigned_group_service","class":"TradeAppServlet"},"methods":["requestDispatch(ServletContext, HttpServletRequest, HttpServletResponse, String, String)","doPortfolio(ServletContext, HttpServletRequest, HttpServletResponse, String, String)","doQuotes(ServletContext, HttpServletRequest, HttpServletResponse, String, String)","doLogout(ServletContext, HttpServletRequest, HttpServletResponse, String)","doMarketSummary(ServletContext, HttpServletRequest, HttpServletResponse, String)","doHome(ServletContext, HttpServletRequest, HttpServletResponse, String, String)","doAccount(ServletContext, HttpServletRequest, HttpServletResponse, String, String)","doBuy(ServletContext, HttpServletRequest, HttpServletResponse, String, String, String)","doAccountUpdate(ServletContext, HttpServletRequest, HttpServletResponse, String, String, String, String, String, String, String)","doSell(ServletContext, HttpServletRequest, HttpServletResponse, String, Integer)","doWelcome(ServletContext, HttpServletRequest, HttpServletResponse, String)","doRegister(ServletContext, HttpServletRequest, HttpServletResponse, String, String, String, String, String, String, String, String)","doLogin(ServletContext, HttpServletRequest, HttpServletResponse, String, String)"],"written_variables":{"TRUE_Boolean":{"field":"TRUE","class":"Boolean"},"WELCOME_PAGE_TradeConfig":{"field":"WELCOME_PAGE","class":"TradeConfig"},"REGISTER_PAGE_TradeConfig":{"field":"REGISTER_PAGE","class":"TradeConfig"},"ACCOUNT_PAGE_TradeConfig":{"field":"ACCOUNT_PAGE","class":"TradeConfig"},"ORDER_PAGE_TradeConfig":{"field":"ORDER_PAGE","class":"TradeConfig"},"out_System":{"field":"out","class":"System"},"MARKET_SUMMARY_PAGE_TradeConfig":{"field":"MARKET_SUMMARY_PAGE","class":"TradeConfig"},"QUOTE_PAGE_TradeConfig":{"field":"QUOTE_PAGE","class":"TradeConfig"},"PORTFOLIO_PAGE_TradeConfig":{"field":"PORTFOLIO_PAGE","class":"TradeConfig"},"HOME_PAGE_TradeConfig":{"field":"HOME_PAGE","class":"TradeConfig"},"orderProcessingMode_TradeConfig":{"field":"orderProcessingMode","class":"TradeConfig"}},"Subgraph":{"method_call_details_1":{"method_1":"requestDispatch(ServletContext, HttpServletRequest, HttpServletResponse, String, String)"},"method_call_details_2":{"method_2":"doPortfolio(ServletContext, HttpServletRequest, HttpServletResponse, String, String)","calls_2":{"TradeServices_getHoldings(String)":{"method":"getHoldings(String)","class":"TradeServices","cluster":"Unassigned_group_service"},"HoldingDataBean_getQuoteID()":{"method":"getQuoteID()","class":"HoldingDataBean","cluster":"TradeServlet_service"},"Log_error(Throwable, String, String, String)":{"method":"error(Throwable, String, String, String)","class":"Log","cluster":"Utility_group_service"},"TradeServices_getQuote(String)":{"method":"getQuote(String)","class":"TradeServices","cluster":"Unassigned_group_service"},"TradeConfig_getPage(int)":{"method":"getPage(int)","class":"TradeConfig","cluster":"Utility_group_service"}},"called_by_2":{"TradeAppServlet_performTask(HttpServletRequest, HttpServletResponse)":{"method":"performTask(HttpServletRequest, HttpServletResponse)","class":"TradeAppServlet","cluster":"Unassigned_group_service"}}},"method_call_details_3":{"method_3":"doQuotes(ServletContext, HttpServletRequest, HttpServletResponse, String, String)","calls_3":{"TradeConfig_getPage(int)":{"method":"getPage(int)","class":"TradeConfig","cluster":"Utility_group_service"}},"called_by_3":{"TradeAppServlet_performTask(HttpServletRequest, HttpServletResponse)":{"method":"performTask(HttpServletRequest, HttpServletResponse)","class":"TradeAppServlet","cluster":"Unassigned_group_service"}}},"method_call_details_4":{"method_4":"doLogout(ServletContext, HttpServletRequest, HttpServletResponse, String)","calls_4":{"Log_error(Throwable, String, String, String)":{"method":"error(Throwable, String, String, String)","class":"Log","cluster":"Utility_group_service"},"TradeConfig_getPage(int)":{"method":"getPage(int)","class":"TradeConfig","cluster":"Utility_group_service"},"TradeServices_logout(String)":{"method":"logout(String)","class":"TradeServices","cluster":"Unassigned_group_service"}},"called_by_4":{"TradeAppServlet_performTask(HttpServletRequest, HttpServletResponse)":{"method":"performTask(HttpServletRequest, HttpServletResponse)","class":"TradeAppServlet","cluster":"Unassigned_group_service"}}},"method_call_details_5":{"method_5":"doMarketSummary(ServletContext, HttpServletRequest, HttpServletResponse, String)","calls_5":{"TradeConfig_getPage(int)":{"method":"getPage(int)","class":"TradeConfig","cluster":"Utility_group_service"}},"called_by_5":{"TradeAppServlet_performTask(HttpServletRequest, HttpServletResponse)":{"method":"performTask(HttpServletRequest, HttpServletResponse)","class":"TradeAppServlet","cluster":"Unassigned_group_service"}}},"method_call_details_6":{"method_6":"doHome(ServletContext, HttpServletRequest, HttpServletResponse, String, String)","calls_6":{"TradeServices_getHoldings(String)":{"method":"getHoldings(String)","class":"TradeServices","cluster":"Unassigned_group_service"},"Log_error(String, Throwable)":{"method":"error(String, Throwable)","class":"Log","cluster":"Utility_group_service"},"TradeConfig_getPage(int)":{"method":"getPage(int)","class":"TradeConfig","cluster":"Utility_group_service"},"TradeServices_getAccountData(String)":{"method":"getAccountData(String)","class":"TradeServices","cluster":"Unassigned_group_service"}},"called_by_6":{"TradeAppServlet_performTask(HttpServletRequest, HttpServletResponse)":{"method":"performTask(HttpServletRequest, HttpServletResponse)","class":"TradeAppServlet","cluster":"Unassigned_group_service"}}},"method_call_details_7":{"method_7":"doAccount(ServletContext, HttpServletRequest, HttpServletResponse, String, String)","calls_7":{"TradeConfig_getPage(int)":{"method":"getPage(int)","class":"TradeConfig","cluster":"Utility_group_service"},"TradeServices_getAccountData(String)":{"method":"getAccountData(String)","class":"TradeServices","cluster":"Unassigned_group_service"},"TradeServices_getAccountProfileData(String)":{"method":"getAccountProfileData(String)","class":"TradeServices","cluster":"Unassigned_group_service"},"TradeConfig_getLongRun()":{"method":"getLongRun()","class":"TradeConfig","cluster":"Utility_group_service"},"TradeServices_getOrders(String)":{"method":"getOrders(String)","class":"TradeServices","cluster":"Unassigned_group_service"},"Log_error(String, String, Throwable)":{"method":"error(String, String, Throwable)","class":"Log","cluster":"Utility_group_service"}},"called_by_7":{"TradeAppServlet_performTask(HttpServletRequest, HttpServletResponse)":{"method":"performTask(HttpServletRequest, HttpServletResponse)","class":"TradeAppServlet","cluster":"Unassigned_group_service"}}},"method_call_details_8":{"method_8":"doBuy(ServletContext, HttpServletRequest, HttpServletResponse, String, String, String)","calls_8":{"Log_error(Throwable, String, String, String)":{"method":"error(Throwable, String, String, String)","class":"Log","cluster":"Utility_group_service"},"TradeConfig_getPage(int)":{"method":"getPage(int)","class":"TradeConfig","cluster":"Utility_group_service"},"TradeServices_buy(String, String, double, int)":{"method":"buy(String, String, double, int)","class":"TradeServices","cluster":"Unassigned_group_service"}},"called_by_8":{"TradeAppServlet_performTask(HttpServletRequest, HttpServletResponse)":{"method":"performTask(HttpServletRequest, HttpServletResponse)","class":"TradeAppServlet","cluster":"Unassigned_group_service"}}},"method_call_details_9":{"method_9":"doAccountUpdate(ServletContext, HttpServletRequest, HttpServletResponse, String, String, String, String, String, String, String)","calls_9":{"Log_error(Throwable, String, String, String)":{"method":"error(Throwable, String, String, String)","class":"Log","cluster":"Utility_group_service"},"TradeServices_updateAccountProfile(AccountProfileDataBean)":{"method":"updateAccountProfile(AccountProfileDataBean)","class":"TradeServices","cluster":"Unassigned_group_service"}},"called_by_9":{"TradeAppServlet_performTask(HttpServletRequest, HttpServletResponse)":{"method":"performTask(HttpServletRequest, HttpServletResponse)","class":"TradeAppServlet","cluster":"Unassigned_group_service"}}},"method_call_details_10":{"method_10":"doSell(ServletContext, HttpServletRequest, HttpServletResponse, String, Integer)","calls_10":{"Log_error(Throwable, String, String, String)":{"method":"error(Throwable, String, String, String)","class":"Log","cluster":"Utility_group_service"},"TradeConfig_getPage(int)":{"method":"getPage(int)","class":"TradeConfig","cluster":"Utility_group_service"},"TradeServices_sell(String, Integer, int)":{"method":"sell(String, Integer, int)","class":"TradeServices","cluster":"Unassigned_group_service"}},"called_by_10":{"TradeAppServlet_performTask(HttpServletRequest, HttpServletResponse)":{"method":"performTask(HttpServletRequest, HttpServletResponse)","class":"TradeAppServlet","cluster":"Unassigned_group_service"}}},"method_call_details_11":{"method_11":"doWelcome(ServletContext, HttpServletRequest, HttpServletResponse, String)","calls_11":{"TradeConfig_getPage(int)":{"method":"getPage(int)","class":"TradeConfig","cluster":"Utility_group_service"}},"called_by_11":{"TradeAppServlet_performTask(HttpServletRequest, HttpServletResponse)":{"method":"performTask(HttpServletRequest, HttpServletResponse)","class":"TradeAppServlet","cluster":"Unassigned_group_service"}}},"method_call_details_12":{"method_12":"doRegister(ServletContext, HttpServletRequest, HttpServletResponse, String, String, String, String, String, String, String, String)","calls_12":{"AccountDataBean_getAccountID()":{"method":"getAccountID()","class":"AccountDataBean","cluster":"ConfigJSF_service"},"TradeServices_register(String, String, String, String, String, String, BigDecimal)":{"method":"register(String, String, String, String, String, String, BigDecimal)","class":"TradeServices","cluster":"Unassigned_group_service"},"TradeConfig_getPage(int)":{"method":"getPage(int)","class":"TradeConfig","cluster":"Utility_group_service"}},"called_by_12":{"TradeAppServlet_performTask(HttpServletRequest, HttpServletResponse)":{"method":"performTask(HttpServletRequest, HttpServletResponse)","class":"TradeAppServlet","cluster":"Unassigned_group_service"}}},"method_call_details_13":{"method_13":"doLogin(ServletContext, HttpServletRequest, HttpServletResponse, String, String)","calls_13":{"Log_log(String, String, String)":{"method":"log(String, String, String)","class":"Log","cluster":"Utility_group_service"},"Log_error(Throwable, String, String, String)":{"method":"error(Throwable, String, String, String)","class":"Log","cluster":"Utility_group_service"},"TradeConfig_getPage(int)":{"method":"getPage(int)","class":"TradeConfig","cluster":"Utility_group_service"},"TradeServices_login(String, String)":{"method":"login(String, String)","class":"TradeServices","cluster":"Unassigned_group_service"}},"called_by_13":{"TradeAppServlet_performTask(HttpServletRequest, HttpServletResponse)":{"method":"performTask(HttpServletRequest, HttpServletResponse)","class":"TradeAppServlet","cluster":"Unassigned_group_service"}}}},"caller_classes":["TradeAppServlet"],"called_classes":["TradeServices","HoldingDataBean","Log","TradeConfig","AccountDataBean"],"read_variables":{"TRUE_Boolean":{"field":"TRUE","class":"Boolean"},"WELCOME_PAGE_TradeConfig":{"field":"WELCOME_PAGE","class":"TradeConfig"},"REGISTER_PAGE_TradeConfig":{"field":"REGISTER_PAGE","class":"TradeConfig"},"ACCOUNT_PAGE_TradeConfig":{"field":"ACCOUNT_PAGE","class":"TradeConfig"},"ORDER_PAGE_TradeConfig":{"field":"ORDER_PAGE","class":"TradeConfig"},"out_System":{"field":"out","class":"System"},"MARKET_SUMMARY_PAGE_TradeConfig":{"field":"MARKET_SUMMARY_PAGE","class":"TradeConfig"},"QUOTE_PAGE_TradeConfig":{"field":"QUOTE_PAGE","class":"TradeConfig"},"PORTFOLIO_PAGE_TradeConfig":{"field":"PORTFOLIO_PAGE","class":"TradeConfig"},"HOME_PAGE_TradeConfig":{"field":"HOME_PAGE","class":"TradeConfig"},"orderProcessingMode_TradeConfig":{"field":"orderProcessingMode","class":"TradeConfig"}}}},"TradeConfig":{"Subgraph22":{"relocate_to":{"cluster":"ConfigJSF_service","class":"TradeConfigJSF"},"methods":["setMarketSummaryInterval(int)","getMarketSummaryInterval()"],"written_variables":{"marketSummaryInterval_TradeConfig":{"field":"marketSummaryInterval","class":"TradeConfig"}},"Subgraph":{"method_call_details_1":{"method_1":"setMarketSummaryInterval(int)","called_by_1":{"TradeConfigJSF_updateConfig()":{"method":"updateConfig()","class":"TradeConfigJSF","cluster":"ConfigJSF_service"}}},"method_call_details_2":{"method_2":"getMarketSummaryInterval()","called_by_2":{"TradeConfigJSF_updateConfig()":{"method":"updateConfig()","class":"TradeConfigJSF","cluster":"ConfigJSF_service"}}}},"caller_classes":["TradeConfigJSF"],"called_classes":[],"read_variables":{"marketSummaryInterval_TradeConfig":{"field":"marketSummaryInterval","class":"TradeConfig"}}},"Subgraph21":{"relocate_to":{"cluster":"TradeServlet_service","class":"OrderDataBean"},"methods":["rndBoolean()"],"written_variables":{},"Subgraph":{"method_call_details_1":{"method_1":"rndBoolean()","called_by_1":{"OrderDataBean_getRandomInstance()":{"method":"getRandomInstance()","class":"OrderDataBean","cluster":"TradeServlet_service"}}}},"caller_classes":["OrderDataBean"],"called_classes":[],"read_variables":{}},"Subgraph20":{"relocate_to":{"cluster":"SessionEntity_service","class":"TradeSLSBBean"},"methods":["getUpdateQuotePrices()","setUpdateQuotePrices(boolean)"],"written_variables":{"updateQuotePrices_TradeConfig":{"field":"updateQuotePrices","class":"TradeConfig"}},"Subgraph":{"method_call_details_1":{"method_1":"getUpdateQuotePrices()","called_by_1":{"TradeSLSBBean_postConstruct()":{"method":"postConstruct()","class":"TradeSLSBBean","cluster":"SessionEntity_service"},"TradeSLSBBean_updateQuotePriceVolume(String, BigDecimal, double)":{"method":"updateQuotePriceVolume(String, BigDecimal, double)","class":"TradeSLSBBean","cluster":"SessionEntity_service"}}},"method_call_details_2":{"method_2":"setUpdateQuotePrices(boolean)"}},"caller_classes":["TradeSLSBBean"],"called_classes":[],"read_variables":{"updateQuotePrices_TradeConfig":{"field":"updateQuotePrices","class":"TradeConfig"}}},"Subgraph4":{"relocate_to":{"cluster":"SessionEntity_service","class":"TradeSLSBBean"},"methods":["getOrderFee(String)"],"written_variables":{"orderFee_TradeConfig":{"field":"orderFee","class":"TradeConfig"},"cashFee_TradeConfig":{"field":"cashFee","class":"TradeConfig"}},"Subgraph":{"method_call_details_1":{"method_1":"getOrderFee(String)","called_by_1":{"TradeSLSBBean_createOrder(AccountDataBean, QuoteDataBean, HoldingDataBean, String, double)":{"method":"createOrder(AccountDataBean, QuoteDataBean, HoldingDataBean, String, double)","class":"TradeSLSBBean","cluster":"SessionEntity_service"}}}},"caller_classes":["TradeSLSBBean"],"called_classes":[],"read_variables":{"orderFee_TradeConfig":{"field":"orderFee","class":"TradeConfig"},"cashFee_TradeConfig":{"field":"cashFee","class":"TradeConfig"}}},"Subgraph8":{"relocate_to":{"cluster":"ConfigJSF_service","class":"TradeConfigJSF"},"methods":["setRunTimeMode(int)"],"written_variables":{"runTimeMode_TradeConfig":{"field":"runTimeMode","class":"TradeConfig"}},"Subgraph":{"method_call_details_1":{"method_1":"setRunTimeMode(int)","called_by_1":{"TradeConfigJSF_updateConfig()":{"method":"updateConfig()","class":"TradeConfigJSF","cluster":"ConfigJSF_service"}}}},"caller_classes":["TradeConfigJSF"],"called_classes":[],"read_variables":{"runTimeMode_TradeConfig":{"field":"runTimeMode","class":"TradeConfig"}}},"Subgraph19":{"relocate_to":{"cluster":"ConfigJSF_service","class":"TradeConfigJSF"},"methods":["setUseRemoteEJBInterface(boolean)","useRemoteEJBInterface()"],"written_variables":{"useRemoteEJBInterface_TradeConfig":{"field":"useRemoteEJBInterface","class":"TradeConfig"}},"Subgraph":{"method_call_details_1":{"method_1":"setUseRemoteEJBInterface(boolean)","called_by_1":{"TradeConfigJSF_updateConfig()":{"method":"updateConfig()","class":"TradeConfigJSF","cluster":"ConfigJSF_service"}}},"method_call_details_2":{"method_2":"useRemoteEJBInterface()","called_by_2":{"TradeConfigJSF_updateConfig()":{"method":"updateConfig()","class":"TradeConfigJSF","cluster":"ConfigJSF_service"}}}},"caller_classes":["TradeConfigJSF"],"called_classes":[],"read_variables":{"useRemoteEJBInterface_TradeConfig":{"field":"useRemoteEJBInterface","class":"TradeConfig"}}},"Subgraph7":{"relocate_to":{"cluster":"ConfigJSF_service","class":"TradeConfigJSF"},"methods":["setPrimIterations(int)","getPrimIterations()"],"written_variables":{"primIterations_TradeConfig":{"field":"primIterations","class":"TradeConfig"}},"Subgraph":{"method_call_details_1":{"method_1":"setPrimIterations(int)","called_by_1":{"TradeConfigJSF_updateConfig()":{"method":"updateConfig()","class":"TradeConfigJSF","cluster":"ConfigJSF_service"}}},"method_call_details_2":{"method_2":"getPrimIterations()","called_by_2":{"TradeConfigJSF_updateConfig()":{"method":"updateConfig()","class":"TradeConfigJSF","cluster":"ConfigJSF_service"}}}},"caller_classes":["TradeConfigJSF"],"called_classes":[],"read_variables":{"primIterations_TradeConfig":{"field":"primIterations","class":"TradeConfig"}}}}}}