{"all":{"Order":{"Subgraph1":{"relocate_to":{"cluster":"2","class":"OrderItem"},"methods":["setCcNum(String)","getShipAddr1()","setShipAddr2(String)","getShipZip()","getBillAddr1()","getShipCity()","setBillPhone(String)","setOrderID(String)","getBillState()","setBillAddr1(String)","setBillState(String)","getCcNum()","setItems(Collection)","setCreditCard(String)","getBillName()","getCreditCard()","getProfit()","getBillPhone()","setShippingMethod(int)","getOrderItems()","setBillCity(String)","getCcExpireMonth()","getCardHolder()","setSellDate(String)","setOrderItems(Collection)","setShipPhone(String)","setCcExpireYear(String)","setProfit(float)","getShippingMethod()","setCustomer(Customer)","getBillAddr2()","setShipCity(String)","setShipName(String)","setBillZip(String)","getCustomer()","getShipName()","getShipAddr2()","setBillAddr2(String)","setShipAddr1(String)","getShipState()","getSellDate()","setCcExpireMonth(String)","getOrderID()","getBillZip()","setBillName(String)","getShipPhone()","setShipState(String)","getBillCity()","setCardHolder(String)","getCcExpireYear()","getItems()","setShipZip(String)"],"written_variables":{"creditCard_Order":{"field":"creditCard","class":"Order"},"shipAddr2_Order":{"field":"shipAddr2","class":"Order"},"billZip_Order":{"field":"billZip","class":"Order"},"orderID_Order":{"field":"orderID","class":"Order"},"billAddr1_Order":{"field":"billAddr1","class":"Order"},"ccExpireYear_Order":{"field":"ccExpireYear","class":"Order"},"customer_Order":{"field":"customer","class":"Order"},"shippingMethod_Order":{"field":"shippingMethod","class":"Order"},"cardHolder_Order":{"field":"cardHolder","class":"Order"},"shipAddr1_Order":{"field":"shipAddr1","class":"Order"},"items_Order":{"field":"items","class":"Order"},"billPhone_Order":{"field":"billPhone","class":"Order"},"shipName_Order":{"field":"shipName","class":"Order"},"billAddr2_Order":{"field":"billAddr2","class":"Order"},"shipCity_Order":{"field":"shipCity","class":"Order"},"billState_Order":{"field":"billState","class":"Order"},"orderItems_Order":{"field":"orderItems","class":"Order"},"sellDate_Order":{"field":"sellDate","class":"Order"},"shipZip_Order":{"field":"shipZip","class":"Order"},"billCity_Order":{"field":"billCity","class":"Order"},"profit_Order":{"field":"profit","class":"Order"},"shipState_Order":{"field":"shipState","class":"Order"},"ccExpireMonth_Order":{"field":"ccExpireMonth","class":"Order"},"shipPhone_Order":{"field":"shipPhone","class":"Order"},"billName_Order":{"field":"billName","class":"Order"},"ccNum_Order":{"field":"ccNum","class":"Order"}},"Subgraph":{"method_call_details_1":{"method_1":"setCcNum(String)"},"method_call_details_2":{"method_2":"getShipAddr1()"},"method_call_details_3":{"method_3":"setShipAddr2(String)"},"method_call_details_4":{"method_4":"getShipZip()"},"method_call_details_5":{"method_5":"getBillAddr1()"},"method_call_details_6":{"method_6":"getShipCity()"},"method_call_details_7":{"method_7":"setBillPhone(String)"},"method_call_details_8":{"method_8":"setOrderID(String)"},"method_call_details_9":{"method_9":"getBillState()"},"method_call_details_10":{"method_10":"setBillAddr1(String)"},"method_call_details_11":{"method_11":"setBillState(String)"},"method_call_details_12":{"method_12":"getCcNum()"},"method_call_details_13":{"method_13":"setItems(Collection)"},"method_call_details_14":{"method_14":"setCreditCard(String)"},"method_call_details_15":{"method_15":"getBillName()"},"method_call_details_16":{"method_16":"getCreditCard()"},"method_call_details_17":{"method_17":"getProfit()"},"method_call_details_18":{"method_18":"getBillPhone()"},"method_call_details_19":{"method_19":"setShippingMethod(int)"},"method_call_details_20":{"method_20":"getOrderItems()"},"method_call_details_21":{"method_21":"setBillCity(String)"},"method_call_details_22":{"method_22":"getCcExpireMonth()"},"method_call_details_23":{"method_23":"getCardHolder()"},"method_call_details_24":{"method_24":"setSellDate(String)"},"method_call_details_25":{"method_25":"setOrderItems(Collection)"},"method_call_details_26":{"method_26":"setShipPhone(String)"},"method_call_details_27":{"method_27":"setCcExpireYear(String)"},"method_call_details_28":{"method_28":"setProfit(float)"},"method_call_details_29":{"method_29":"getShippingMethod()"},"method_call_details_30":{"method_30":"setCustomer(Customer)"},"method_call_details_31":{"method_31":"getBillAddr2()"},"method_call_details_32":{"method_32":"setShipCity(String)"},"method_call_details_33":{"method_33":"setShipName(String)"},"method_call_details_34":{"method_34":"setBillZip(String)"},"method_call_details_35":{"method_35":"getCustomer()"},"method_call_details_36":{"method_36":"getShipName()"},"method_call_details_37":{"method_37":"getShipAddr2()"},"method_call_details_38":{"method_38":"setBillAddr2(String)"},"method_call_details_39":{"method_39":"setShipAddr1(String)"},"method_call_details_40":{"method_40":"getShipState()"},"method_call_details_41":{"method_41":"getSellDate()","called_by_41":{"OrderItem_setOrder(Order)":{"method":"setOrder(Order)","class":"OrderItem","cluster":"2"}}},"method_call_details_42":{"method_42":"setCcExpireMonth(String)"},"method_call_details_43":{"method_43":"getOrderID()","called_by_43":{"OrderItem_updatePK()":{"method":"updatePK()","class":"OrderItem","cluster":"2"}}},"method_call_details_44":{"method_44":"getBillZip()"},"method_call_details_45":{"method_45":"setBillName(String)"},"method_call_details_46":{"method_46":"getShipPhone()"},"method_call_details_47":{"method_47":"setShipState(String)"},"method_call_details_48":{"method_48":"getBillCity()"},"method_call_details_49":{"method_49":"setCardHolder(String)"},"method_call_details_50":{"method_50":"getCcExpireYear()"},"method_call_details_51":{"method_51":"getItems()"},"method_call_details_52":{"method_52":"setShipZip(String)"}},"caller_classes":["OrderItem"],"called_classes":[],"read_variables":{"creditCard_Order":{"field":"creditCard","class":"Order"},"shipAddr2_Order":{"field":"shipAddr2","class":"Order"},"billZip_Order":{"field":"billZip","class":"Order"},"orderID_Order":{"field":"orderID","class":"Order"},"billAddr1_Order":{"field":"billAddr1","class":"Order"},"ccExpireYear_Order":{"field":"ccExpireYear","class":"Order"},"customer_Order":{"field":"customer","class":"Order"},"shippingMethod_Order":{"field":"shippingMethod","class":"Order"},"cardHolder_Order":{"field":"cardHolder","class":"Order"},"shipAddr1_Order":{"field":"shipAddr1","class":"Order"},"items_Order":{"field":"items","class":"Order"},"billPhone_Order":{"field":"billPhone","class":"Order"},"shipName_Order":{"field":"shipName","class":"Order"},"billAddr2_Order":{"field":"billAddr2","class":"Order"},"shipCity_Order":{"field":"shipCity","class":"Order"},"billState_Order":{"field":"billState","class":"Order"},"orderItems_Order":{"field":"orderItems","class":"Order"},"sellDate_Order":{"field":"sellDate","class":"Order"},"shipZip_Order":{"field":"shipZip","class":"Order"},"billCity_Order":{"field":"billCity","class":"Order"},"profit_Order":{"field":"profit","class":"Order"},"shipState_Order":{"field":"shipState","class":"Order"},"ccExpireMonth_Order":{"field":"ccExpireMonth","class":"Order"},"shipPhone_Order":{"field":"shipPhone","class":"Order"},"billName_Order":{"field":"billName","class":"Order"},"ccNum_Order":{"field":"ccNum","class":"Order"}}}},"ShoppingBean":{"Subgraph4":{"relocate_to":{"cluster":"5","class":"AccountBean"},"methods":["getShippingCostString()","getTotalCostString()","getTotalCost()","setShippingCost(float)","getShippingCost()"],"written_variables":{"US_Locale":{"field":"US","class":"Locale"},"shippingCost_ShoppingBean":{"field":"shippingCost","class":"ShoppingBean"}},"Subgraph":{"method_call_details_1":{"method_1":"getShippingCostString()"},"method_call_details_2":{"method_2":"getTotalCostString()"},"method_call_details_3":{"method_3":"getTotalCost()","calls_3":{"ShoppingCartBean_getSubtotalCost()":{"method":"getSubtotalCost()","class":"ShoppingCartBean","cluster":"3"}}},"method_call_details_4":{"method_4":"setShippingCost(float)","called_by_4":{"AccountBean_performCheckoutFinal()":{"method":"performCheckoutFinal()","class":"AccountBean","cluster":"5"}}},"method_call_details_5":{"method_5":"getShippingCost()"}},"caller_classes":["AccountBean"],"called_classes":["ShoppingCartBean"],"read_variables":{"US_Locale":{"field":"US","class":"Locale"},"shippingCost_ShoppingBean":{"field":"shippingCost","class":"ShoppingBean"}}}},"MailerBean":{"Subgraph1":{"relocate_to":{"cluster":"5","class":"MailAction"},"methods":["createAndSendMail(Customer, String)","createSubjectLine(String)","createMessage(String)"],"written_variables":{"mailSession_MailerBean":{"field":"mailSession","class":"MailerBean"},"RecipientType_Message":{"field":"RecipientType","class":"Message"},"class_Order":{"field":"class","class":"Order"},"TO_RecipientType":{"field":"TO","class":"RecipientType"},"RecipientType.TO_Message":{"field":"RecipientType.TO","class":"Message"}},"Subgraph":{"method_call_details_1":{"method_1":"createAndSendMail(Customer, String)","calls_1":{"EMailMessage_getSubject()":{"method":"getSubject()","class":"EMailMessage","cluster":"1"},"EMailMessage_getEmailReceiver()":{"method":"getEmailReceiver()","class":"EMailMessage","cluster":"1"},"EMailMessage_getHtmlContents()":{"method":"getHtmlContents()","class":"EMailMessage","cluster":"1"}},"called_by_1":{"AccountBean_performCompleteCheckout()":{"method":"performCompleteCheckout()","class":"AccountBean","cluster":"5"},"MailAction_sendConfirmationMessage(Customer, String)":{"method":"sendConfirmationMessage(Customer, String)","class":"MailAction","cluster":"5"}}},"method_call_details_2":{"method_2":"createSubjectLine(String)"},"method_call_details_3":{"method_3":"createMessage(String)"}},"caller_classes":["AccountBean","MailAction"],"called_classes":["EMailMessage"],"read_variables":{"mailSession_MailerBean":{"field":"mailSession","class":"MailerBean"},"RecipientType_Message":{"field":"RecipientType","class":"Message"},"class_Order":{"field":"class","class":"Order"},"TO_RecipientType":{"field":"TO","class":"RecipientType"},"RecipientType.TO_Message":{"field":"RecipientType.TO","class":"Message"}}}},"Populate":{"Subgraph1":{"relocate_to":{"cluster":"4","class":"AdminServlet"},"methods":["doPopulate()","addImage(String, String, CatalogMgr)"],"written_variables":{"catalog_Populate":{"field":"catalog","class":"Populate"},"length_String":{"field":"length","class":"String"},"index++_Populate":{"field":"index++","class":"Populate"}},"Subgraph":{"method_call_details_1":{"method_1":"doPopulate()","calls_1":{"BackOrderMgr_createBackOrder(String, int, int)":{"method":"createBackOrder(String, int, int)","class":"BackOrderMgr","cluster":"2"},"ResetDBBean_deleteAll()":{"method":"deleteAll()","class":"ResetDBBean","cluster":"3"},"CatalogMgr_addItem(Inventory)":{"method":"addItem(Inventory)","class":"CatalogMgr","cluster":"3"},"SuppliersBean_createSupplier(String, String, String, String, String, String, String, String)":{"method":"createSupplier(String, String, String, String, String, String, String, String)","class":"SuppliersBean","cluster":"4"},"ShoppingCartBean_createOrder(String, String, String, String, String, String, String, String, String, String, String, String, String, String, String, String, String, String, String, String, int, Inventory>)":{"method":"createOrder(String, String, String, String, String, String, String, String, String, String, String, String, String, String, String, String, String, String, String, String, int, Inventory>)","class":"ShoppingCartBean","cluster":"3"},"CustomerMgr_createCustomer(String, String, String, String, String, String, String, String, String, String)":{"method":"createCustomer(String, String, String, String, String, String, String, String, String, String)","class":"CustomerMgr","cluster":"3"}},"called_by_1":{"AdminServlet_performPopulate(HttpServletRequest, HttpServletResponse)":{"method":"performPopulate(HttpServletRequest, HttpServletResponse)","class":"AdminServlet","cluster":"4"}}},"method_call_details_2":{"method_2":"addImage(String, String, CatalogMgr)","calls_2":{"CatalogMgr_setItemImageBytes(String, byte[])":{"method":"setItemImageBytes(String, byte[])","class":"CatalogMgr","cluster":"3"}}}},"caller_classes":["AdminServlet"],"called_classes":["BackOrderMgr","ResetDBBean","CatalogMgr","SuppliersBean","ShoppingCartBean","CustomerMgr"],"read_variables":{"catalog_Populate":{"field":"catalog","class":"Populate"},"length_String":{"field":"length","class":"String"},"index++_Populate":{"field":"index++","class":"Populate"}}}},"BackOrderItem":{"Subgraph1":{"relocate_to":{"cluster":"4","class":"AdminServlet"},"methods":["setBackOrderID(String)","getBackOrderID()"],"written_variables":{"backOrderID_BackOrderItem":{"field":"backOrderID","class":"BackOrderItem"}},"Subgraph":{"method_call_details_1":{"method_1":"setBackOrderID(String)"},"method_call_details_2":{"method_2":"getBackOrderID()","called_by_2":{"AdminServlet_getBackOrders(HttpSession)":{"method":"getBackOrders(HttpSession)","class":"AdminServlet","cluster":"4"}}}},"caller_classes":["AdminServlet"],"called_classes":[],"read_variables":{"backOrderID_BackOrderItem":{"field":"backOrderID","class":"BackOrderItem"}}},"Subgraph5":{"relocate_to":{"cluster":"4","class":"AdminServlet"},"methods":["getOrderDate()"],"written_variables":{"orderDate_BackOrderItem":{"field":"orderDate","class":"BackOrderItem"}},"Subgraph":{"method_call_details_1":{"method_1":"getOrderDate()","called_by_1":{"AdminServlet_getBackOrders(HttpSession)":{"method":"getBackOrders(HttpSession)","class":"AdminServlet","cluster":"4"}}}},"caller_classes":["AdminServlet"],"called_classes":[],"read_variables":{"orderDate_BackOrderItem":{"field":"orderDate","class":"BackOrderItem"}}},"Subgraph4":{"relocate_to":{"cluster":"4","class":"AdminServlet"},"methods":["getSupplierOrderID()","setSupplierOrderID(String)"],"written_variables":{"supplierOrderID_BackOrderItem":{"field":"supplierOrderID","class":"BackOrderItem"}},"Subgraph":{"method_call_details_1":{"method_1":"getSupplierOrderID()","called_by_1":{"AdminServlet_getBackOrders(HttpSession)":{"method":"getBackOrders(HttpSession)","class":"AdminServlet","cluster":"4"}}},"method_call_details_2":{"method_2":"setSupplierOrderID(String)"}},"caller_classes":["AdminServlet"],"called_classes":[],"read_variables":{"supplierOrderID_BackOrderItem":{"field":"supplierOrderID","class":"BackOrderItem"}}},"Subgraph2":{"relocate_to":{"cluster":"4","class":"AdminServlet"},"methods":["getInventoryQuantity()","setInventoryQuantity(int)"],"written_variables":{"inventoryQuantity_BackOrderItem":{"field":"inventoryQuantity","class":"BackOrderItem"}},"Subgraph":{"method_call_details_1":{"method_1":"getInventoryQuantity()"},"method_call_details_2":{"method_2":"setInventoryQuantity(int)","called_by_2":{"AdminServlet_getBackOrders(HttpSession)":{"method":"getBackOrders(HttpSession)","class":"AdminServlet","cluster":"4"}}}},"caller_classes":["AdminServlet"],"called_classes":[],"read_variables":{"inventoryQuantity_BackOrderItem":{"field":"inventoryQuantity","class":"BackOrderItem"}}},"Subgraph9":{"relocate_to":{"cluster":"4","class":"AdminServlet"},"methods":["getStatus()"],"written_variables":{"status_BackOrderItem":{"field":"status","class":"BackOrderItem"}},"Subgraph":{"method_call_details_1":{"method_1":"getStatus()","called_by_1":{"AdminServlet_getBackOrders(HttpSession)":{"method":"getBackOrders(HttpSession)","class":"AdminServlet","cluster":"4"}}}},"caller_classes":["AdminServlet"],"called_classes":[],"read_variables":{"status_BackOrderItem":{"field":"status","class":"BackOrderItem"}}},"Subgraph8":{"relocate_to":{"cluster":"4","class":"AdminServlet"},"methods":["getLowDate()"],"written_variables":{"lowDate_BackOrderItem":{"field":"lowDate","class":"BackOrderItem"}},"Subgraph":{"method_call_details_1":{"method_1":"getLowDate()","called_by_1":{"AdminServlet_getBackOrders(HttpSession)":{"method":"getBackOrders(HttpSession)","class":"AdminServlet","cluster":"4"}}}},"caller_classes":["AdminServlet"],"called_classes":[],"read_variables":{"lowDate_BackOrderItem":{"field":"lowDate","class":"BackOrderItem"}}},"Subgraph7":{"relocate_to":{"cluster":"4","class":"AdminServlet"},"methods":["getName()","setName(String)"],"written_variables":{"name_BackOrderItem":{"field":"name","class":"BackOrderItem"}},"Subgraph":{"method_call_details_1":{"method_1":"getName()"},"method_call_details_2":{"method_2":"setName(String)","called_by_2":{"AdminServlet_getBackOrders(HttpSession)":{"method":"getBackOrders(HttpSession)","class":"AdminServlet","cluster":"4"}}}},"caller_classes":["AdminServlet"],"called_classes":[],"read_variables":{"name_BackOrderItem":{"field":"name","class":"BackOrderItem"}}},"Subgraph6":{"relocate_to":{"cluster":"4","class":"AdminServlet"},"methods":["getInventory()"],"written_variables":{"inventory_BackOrderItem":{"field":"inventory","class":"BackOrderItem"}},"Subgraph":{"method_call_details_1":{"method_1":"getInventory()","called_by_1":{"AdminServlet_getBackOrders(HttpSession)":{"method":"getBackOrders(HttpSession)","class":"AdminServlet","cluster":"4"}}}},"caller_classes":["AdminServlet"],"called_classes":[],"read_variables":{"inventory_BackOrderItem":{"field":"inventory","class":"BackOrderItem"}}}}}}