[{"class_method_name":["org.springframework.batch.core.configuration.JobRegistry"],"service_entry_name":"{entry:org.springframework.batch.core.configuration.JobRegistry, type:JavaInterface}"},{"class_method_name":["org.springframework.samples.petclinic.owner.Owner.setPetsInternal"],"service_entry_name":"{entry:org.springframework.samples.petclinic.owner.Owner.setPetsInternal, type:JavaMethod}"},{"class_method_name":["org.springframework.samples.petclinic.owner.Owner.setTelephone"],"service_entry_name":"{entry:org.springframework.samples.petclinic.owner.Owner.setTelephone, type:JavaMethod}"},{"class_method_name":["java.lang.invoke.TypeDescriptor.OfField"],"service_entry_name":"{entry:java.lang.invoke.TypeDescriptor.OfField, type:GenericJavaInterface}"},{"class_method_name":["org.springframework.samples.petclinic.owner.Owner.toString"],"service_entry_name":"{entry:org.springframework.samples.petclinic.owner.Owner.toString, type:JavaMethod}"},{"class_method_name":["org.springframework.samples.petclinic.owner.Owner.getPet"],"service_entry_name":"{entry:org.springframework.samples.petclinic.owner.Owner.getPet, type:JavaMethod}"},{"class_method_name":["javax.cache.configuration.MutableConfiguration"],"service_entry_name":"{entry:javax.cache.configuration.MutableConfiguration, type:GenericJavaClass}"},{"class_method_name":["java.util.LinkedHashSet"],"service_entry_name":"{entry:java.util.LinkedHashSet, type:GenericJavaClass}"},{"class_method_name":["org.springframework.samples.petclinic.owner.OwnerController.setAllowedFields"],"service_entry_name":"{entry:org.springframework.samples.petclinic.owner.OwnerController.setAllowedFields, type:JavaMethod}"},{"class_method_name":["java.util.ArrayList"],"service_entry_name":"{entry:java.util.ArrayList, type:GenericJavaClass}"},{"class_method_name":["java.lang.Class"],"service_entry_name":"{entry:java.lang.Class, type:GenericJavaClass}"},{"class_method_name":["javax.cache.CacheManager.createCache"],"service_entry_name":"{entry:javax.cache.CacheManager.createCache, type:GenericJavaMethod}"},{"class_method_name":["org.springframework.samples.petclinic.owner.Pet.setBirthDate"],"service_entry_name":"{entry:org.springframework.samples.petclinic.owner.Pet.setBirthDate, type:JavaMethod}"},{"class_method_name":["org.springframework.samples.petclinic.model.NamedEntity.toString"],"service_entry_name":"{entry:org.springframework.samples.petclinic.model.NamedEntity.toString, type:JavaMethod}"},{"class_method_name":["org.springframework.samples.petclinic.model.NamedEntity.setName"],"service_entry_name":"{entry:org.springframework.samples.petclinic.model.NamedEntity.setName, type:JavaMethod}"},{"class_method_name":["org.springframework.samples.petclinic.owner.PetController.PetController"],"service_entry_name":"{entry:org.springframework.samples.petclinic.owner.PetController.PetController, type:JavaConstructor}"},{"class_method_name":["org.springframework.samples.petclinic.owner.OwnerController.OwnerController"],"service_entry_name":"{entry:org.springframework.samples.petclinic.owner.OwnerController.OwnerController, type:JavaConstructor}"},{"class_method_name":["org.springframework.samples.petclinic.owner.Pet.getOwner"],"service_entry_name":"{entry:org.springframework.samples.petclinic.owner.Pet.getOwner, type:JavaMethod}"},{"class_method_name":["org.springframework.samples.petclinic.owner.Pet.setType"],"service_entry_name":"{entry:org.springframework.samples.petclinic.owner.Pet.setType, type:JavaMethod}"},{"class_method_name":["org.springframework.batch.core.explore.support.AbstractJobExplorerFactoryBean"],"service_entry_name":"{entry:org.springframework.batch.core.explore.support.AbstractJobExplorerFactoryBean, type:JavaClass}"},{"class_method_name":["org.springframework.samples.petclinic.owner.PetController.findOwner"],"service_entry_name":"{entry:org.springframework.samples.petclinic.owner.PetController.findOwner, type:JavaMethod}"},{"class_method_name":["org.springframework.samples.petclinic.owner.PetController.populatePetTypes"],"service_entry_name":"{entry:org.springframework.samples.petclinic.owner.PetController.populatePetTypes, type:JavaMethod}"},{"class_method_name":["org.springframework.samples.petclinic.owner.VisitController.VisitController"],"service_entry_name":"{entry:org.springframework.samples.petclinic.owner.VisitController.VisitController, type:JavaConstructor}"},{"class_method_name":["org.springframework.samples.petclinic.owner.Pet.getVisits"],"service_entry_name":"{entry:org.springframework.samples.petclinic.owner.Pet.getVisits, type:JavaMethod}"},{"class_method_name":["org.springframework.context.support.GenericApplicationContext"],"service_entry_name":"{entry:org.springframework.context.support.GenericApplicationContext, type:JavaClass}"},{"class_method_name":["org.springframework.samples.petclinic.owner.PetTypeFormatter.PetTypeFormatter"],"service_entry_name":"{entry:org.springframework.samples.petclinic.owner.PetTypeFormatter.PetTypeFormatter, type:JavaConstructor}"},{"class_method_name":["org.springframework.boot.SpringApplication"],"service_entry_name":"{entry:org.springframework.boot.SpringApplication, type:JavaClass}"},{"class_method_name":["org.springframework.util.StringUtils"],"service_entry_name":"{entry:org.springframework.util.StringUtils, type:JavaClass}"},{"class_method_name":["org.springframework.transaction.support.AbstractPlatformTransactionManager"],"service_entry_name":"{entry:org.springframework.transaction.support.AbstractPlatformTransactionManager, type:JavaClass}"},{"class_method_name":["org.springframework.samples.petclinic.owner.PetController.initPetBinder"],"service_entry_name":"{entry:org.springframework.samples.petclinic.owner.PetController.initPetBinder, type:JavaMethod}"},{"class_method_name":["org.springframework.samples.petclinic.owner.PetController.initOwnerBinder"],"service_entry_name":"{entry:org.springframework.samples.petclinic.owner.PetController.initOwnerBinder, type:JavaMethod}"},{"class_method_name":["org.springframework.samples.petclinic.owner.PetTypeFormatter.print"],"service_entry_name":"{entry:org.springframework.samples.petclinic.owner.PetTypeFormatter.print, type:JavaMethod}"},{"class_method_name":["org.springframework.samples.petclinic.vet.VetController.VetController"],"service_entry_name":"{entry:org.springframework.samples.petclinic.vet.VetController.VetController, type:JavaConstructor}"},{"class_method_name":["java.util.LinkedHashMap"],"service_entry_name":"{entry:java.util.LinkedHashMap, type:GenericJavaClass}"},{"class_method_name":["org.springframework.samples.petclinic.system.CacheConfiguration.petclinicCacheConfigurationCustomizer"],"service_entry_name":"{entry:org.springframework.samples.petclinic.system.CacheConfiguration.petclinicCacheConfigurationCustomizer, type:JavaMethod}"},{"class_method_name":["org.springframework.samples.petclinic.system.CacheConfiguration"],"service_entry_name":"{entry:org.springframework.samples.petclinic.system.CacheConfiguration, type:JavaClass}"},{"class_method_name":["org.springframework.samples.petclinic.owner.VisitController.loadPetWithVisit"],"service_entry_name":"{entry:org.springframework.samples.petclinic.owner.VisitController.loadPetWithVisit, type:JavaMethod}"},{"class_method_name":["org.springframework.samples.petclinic.owner.VisitController.setAllowedFields"],"service_entry_name":"{entry:org.springframework.samples.petclinic.owner.VisitController.setAllowedFields, type:JavaMethod}"},{"class_method_name":["org.springframework.samples.petclinic.owner.PetValidator.supports"],"service_entry_name":"{entry:org.springframework.samples.petclinic.owner.PetValidator.supports, type:JavaMethod}"},{"class_method_name":["org.springframework.samples.petclinic.system.CacheConfiguration.petclinicCacheConfigurationCustomizer.petclinicCacheConfigurationCustomizer$lambda$0"],"service_entry_name":"{entry:org.springframework.samples.petclinic.system.CacheConfiguration.petclinicCacheConfigurationCustomizer.petclinicCacheConfigurationCustomizer$lambda$0, type:JavaLambdaExpression}"},{"class_method_name":["org.springframework.samples.petclinic.owner.PetValidator.validate"],"service_entry_name":"{entry:org.springframework.samples.petclinic.owner.PetValidator.validate, type:JavaMethod}"},{"class_method_name":["org.springframework.samples.petclinic.owner.PetTypeFormatter.parse"],"service_entry_name":"{entry:org.springframework.samples.petclinic.owner.PetTypeFormatter.parse, type:JavaMethod}"},{"class_method_name":["org.springframework.samples.petclinic.PetClinicApplication.main"],"service_entry_name":"{entry:org.springframework.samples.petclinic.PetClinicApplication.main, type:JavaMethod}"},{"class_method_name":["org.springframework.samples.petclinic.vet.Vet.addSpecialty"],"service_entry_name":"{entry:org.springframework.samples.petclinic.vet.Vet.addSpecialty, type:JavaMethod}"},{"class_method_name":["org.springframework.samples.petclinic.vet.Vet.getNrOfSpecialties"],"service_entry_name":"{entry:org.springframework.samples.petclinic.vet.Vet.getNrOfSpecialties, type:JavaMethod}"},{"class_method_name":["org.springframework.samples.petclinic.vet.Vet.getSpecialties"],"service_entry_name":"{entry:org.springframework.samples.petclinic.vet.Vet.getSpecialties, type:JavaMethod}"},{"class_method_name":["org.springframework.samples.petclinic.vet.Vet.setSpecialtiesInternal"],"service_entry_name":"{entry:org.springframework.samples.petclinic.vet.Vet.setSpecialtiesInternal, type:JavaMethod}"},{"class_method_name":["org.springframework.beans.factory.config.PlaceholderConfigurerSupport"],"service_entry_name":"{entry:org.springframework.beans.factory.config.PlaceholderConfigurerSupport, type:JavaClass}"},{"class_method_name":["org.springframework.transaction.support.ResourceTransactionManager"],"service_entry_name":"{entry:org.springframework.transaction.support.ResourceTransactionManager, type:JavaInterface}"},{"class_method_name":["org.springframework.samples.petclinic.visit.Visit.getPetId"],"service_entry_name":"{entry:org.springframework.samples.petclinic.visit.Visit.getPetId, type:JavaMethod}"},{"class_method_name":["org.springframework.samples.petclinic.visit.Visit.setDescription"],"service_entry_name":"{entry:org.springframework.samples.petclinic.visit.Visit.setDescription, type:JavaMethod}"},{"class_method_name":["org.springframework.beans.support.PropertyComparator"],"service_entry_name":"{entry:org.springframework.beans.support.PropertyComparator, type:GenericJavaClass}"},{"class_method_name":["org.springframework.samples.petclinic.visit.Visit.getDescription"],"service_entry_name":"{entry:org.springframework.samples.petclinic.visit.Visit.getDescription, type:JavaMethod}"},{"class_method_name":["org.springframework.samples.petclinic.model.Person.setFirstName"],"service_entry_name":"{entry:org.springframework.samples.petclinic.model.Person.setFirstName, type:JavaMethod}"},{"class_method_name":["org.springframework.samples.petclinic.visit.Visit.setDate"],"service_entry_name":"{entry:org.springframework.samples.petclinic.visit.Visit.setDate, type:JavaMethod}"},{"class_method_name":["org.springframework.samples.petclinic.visit.Visit.getDate"],"service_entry_name":"{entry:org.springframework.samples.petclinic.visit.Visit.getDate, type:JavaMethod}"},{"class_method_name":["org.springframework.format.Formatter"],"service_entry_name":"{entry:org.springframework.format.Formatter, type:GenericJavaInterface}"},{"class_method_name":["org.springframework.samples.petclinic.owner.Owner.getTelephone"],"service_entry_name":"{entry:org.springframework.samples.petclinic.owner.Owner.getTelephone, type:JavaMethod}"},{"class_method_name":["org.springframework.samples.petclinic.owner.Owner.setCity"],"service_entry_name":"{entry:org.springframework.samples.petclinic.owner.Owner.setCity, type:JavaMethod}"},{"class_method_name":["org.springframework.samples.petclinic.owner.Owner.getCity"],"service_entry_name":"{entry:org.springframework.samples.petclinic.owner.Owner.getCity, type:JavaMethod}"},{"class_method_name":["org.springframework.samples.petclinic.owner.Owner.setAddress"],"service_entry_name":"{entry:org.springframework.samples.petclinic.owner.Owner.setAddress, type:JavaMethod}"},{"class_method_name":["org.springframework.samples.petclinic.owner.Owner.getAddress"],"service_entry_name":"{entry:org.springframework.samples.petclinic.owner.Owner.getAddress, type:JavaMethod}"}]
